family,stratum,range_low,range_high,n,clusters,season_low,season_high,transport_ok,spearman,kendall,gaussian_rho,p_a,dir_a,p_b,dir_b,empirical_joint,ci_low,ci_high,gaussian_joint,independent,phi
teamtotal_x_passtd,all,,,7510,510,2010,2025,true,0.565469,0.399691,0.567599,0.30,Over,0.30,Over,0.173369,0.168121,0.178241,0.167408,0.090000,0.396994
teamtotal_x_passtd,all,,,7510,510,2010,2025,true,0.565469,0.399691,0.567599,0.30,Over,0.30,Under,0.034221,0.030515,0.037247,0.026046,0.090000,-0.265614
teamtotal_x_passtd,all,,,7510,510,2010,2025,true,0.565469,0.399691,0.567599,0.30,Under,0.30,Over,0.016778,0.014135,0.019708,0.026046,0.090000,-0.348678
teamtotal_x_passtd,all,,,7510,510,2010,2025,true,0.565469,0.399691,0.567599,0.30,Under,0.30,Under,0.170573,0.165804,0.175187,0.167408,0.090000,0.383679
teamtotal_x_passtd,all,,,7510,510,2010,2025,true,0.565469,0.399691,0.567599,0.30,Over,0.50,Over,0.228628,0.224078,0.233483,0.232116,0.150000,0.343163
teamtotal_x_passtd,all,,,7510,510,2010,2025,true,0.565469,0.399691,0.567599,0.30,Over,0.50,Under,0.071372,0.066490,0.075907,0.067884,0.150000,-0.343163
teamtotal_x_passtd,all,,,7510,510,2010,2025,true,0.565469,0.399691,0.567599,0.30,Under,0.50,Over,0.056991,0.053136,0.061486,0.067884,0.150000,-0.405926
teamtotal_x_passtd,all,,,7510,510,2010,2025,true,0.565469,0.399691,0.567599,0.30,Under,0.50,Under,0.243009,0.238488,0.246865,0.232116,0.150000,0.405926
teamtotal_x_passtd,all,,,7510,510,2010,2025,true,0.565469,0.399691,0.567599,0.30,Over,0.70,Over,0.265779,0.262739,0.269459,0.273954,0.210000,0.265614
teamtotal_x_passtd,all,,,7510,510,2010,2025,true,0.565469,0.399691,0.567599,0.30,Over,0.70,Under,0.126631,0.121720,0.131852,0.132592,0.210000,-0.396994
teamtotal_x_passtd,all,,,7510,510,2010,2025,true,0.565469,0.399691,0.567599,0.30,Under,0.70,Over,0.129427,0.124845,0.134260,0.132592,0.210000,-0.383679
teamtotal_x_passtd,all,,,7510,510,2010,2025,true,0.565469,0.399691,0.567599,0.30,Under,0.70,Under,0.283222,0.280299,0.285905,0.273954,0.210000,0.348678
teamtotal_x_passtd,all,,,7510,510,2010,2025,true,0.565469,0.399691,0.567599,0.50,Over,0.30,Over,0.246471,0.241235,0.250365,0.232116,0.150000,0.421036
teamtotal_x_passtd,all,,,7510,510,2010,2025,true,0.565469,0.399691,0.567599,0.50,Over,0.30,Under,0.070972,0.066608,0.075583,0.067884,0.150000,-0.344906
teamtotal_x_passtd,all,,,7510,510,2010,2025,true,0.565469,0.399691,0.567599,0.50,Under,0.30,Over,0.053529,0.049595,0.058777,0.067884,0.150000,-0.421036
teamtotal_x_passtd,all,,,7510,510,2010,2025,true,0.565469,0.399691,0.567599,0.50,Under,0.30,Under,0.229028,0.224416,0.233416,0.232116,0.150000,0.344906
teamtotal_x_passtd,all,,,7510,510,2010,2025,true,0.565469,0.399691,0.567599,0.50,Over,0.50,Over,0.352197,0.346055,0.356657,0.346064,0.250000,0.408788
teamtotal_x_passtd,all,,,7510,510,2010,2025,true,0.565469,0.399691,0.567599,0.50,Over,0.50,Under,0.147803,0.143276,0.153879,0.153936,0.250000,-0.408788
teamtotal_x_passtd,all,,,7510,510,2010,2025,true,0.565469,0.399691,0.567599,0.50,Under,0.50,Over,0.147803,0.143276,0.153879,0.153936,0.250000,-0.408788
teamtotal_x_passtd,all,,,7510,510,2010,2025,true,0.565469,0.399691,0.567599,0.50,Under,0.50,Under,0.352197,0.346187,0.356790,0.346064,0.250000,0.408788
teamtotal_x_passtd,all,,,7510,510,2010,2025,true,0.565469,0.399691,0.567599,0.50,Over,0.70,Over,0.429028,0.424417,0.433392,0.432116,0.350000,0.344906
teamtotal_x_passtd,all,,,7510,510,2010,2025,true,0.565469,0.399691,0.567599,0.50,Over,0.70,Under,0.253529,0.249570,0.258755,0.267884,0.350000,-0.421036
teamtotal_x_passtd,all,,,7510,510,2010,2025,true,0.565469,0.399691,0.567599,0.50,Under,0.70,Over,0.270972,0.266584,0.275593,0.267884,0.350000,-0.344906
teamtotal_x_passtd,all,,,7510,510,2010,2025,true,0.565469,0.399691,0.567599,0.50,Under,0.70,Under,0.446471,0.441254,0.450469,0.432116,0.350000,0.421036
teamtotal_x_passtd,all,,,7510,510,2010,2025,true,0.565469,0.399691,0.567599,0.70,Over,0.30,Over,0.283222,0.280299,0.285850,0.273954,0.210000,0.348678
teamtotal_x_passtd,all,,,7510,510,2010,2025,true,0.565469,0.399691,0.567599,0.70,Over,0.30,Under,0.129427,0.124845,0.134260,0.132592,0.210000,-0.383679
teamtotal_x_passtd,all,,,7510,510,2010,2025,true,0.565469,0.399691,0.567599,0.70,Under,0.30,Over,0.126631,0.121720,0.131852,0.132592,0.210000,-0.396994
teamtotal_x_passtd,all,,,7510,510,2010,2025,true,0.565469,0.399691,0.567599,0.70,Under,0.30,Under,0.265779,0.262739,0.269475,0.273954,0.210000,0.265614
teamtotal_x_passtd,all,,,7510,510,2010,2025,true,0.565469,0.399691,0.567599,0.70,Over,0.50,Over,0.443009,0.438505,0.446840,0.432116,0.350000,0.405926
teamtotal_x_passtd,all,,,7510,510,2010,2025,true,0.565469,0.399691,0.567599,0.70,Over,0.50,Under,0.256991,0.253136,0.261514,0.267884,0.350000,-0.405926
teamtotal_x_passtd,all,,,7510,510,2010,2025,true,0.565469,0.399691,0.567599,0.70,Under,0.50,Over,0.271372,0.266516,0.275857,0.267884,0.350000,-0.343163
teamtotal_x_passtd,all,,,7510,510,2010,2025,true,0.565469,0.399691,0.567599,0.70,Under,0.50,Under,0.428628,0.424159,0.433511,0.432116,0.350000,0.343163
teamtotal_x_passtd,all,,,7510,510,2010,2025,true,0.565469,0.399691,0.567599,0.70,Over,0.70,Over,0.570573,0.565676,0.575168,0.567408,0.490000,0.383679
teamtotal_x_passtd,all,,,7510,510,2010,2025,true,0.565469,0.399691,0.567599,0.70,Over,0.70,Under,0.416778,0.414161,0.419657,0.426046,0.490000,-0.348678
teamtotal_x_passtd,all,,,7510,510,2010,2025,true,0.565469,0.399691,0.567599,0.70,Under,0.70,Over,0.434221,0.430567,0.437274,0.426046,0.490000,-0.265614
teamtotal_x_passtd,all,,,7510,510,2010,2025,true,0.565469,0.399691,0.567599,0.70,Under,0.70,Under,0.573369,0.568175,0.578320,0.567408,0.490000,0.396994
teamtotal_x_passtd,t1,,0.6071,2445,247,2010,2025,true,0.516078,0.361371,0.520321,0.30,Over,0.30,Over,0.164826,0.156103,0.173683,0.159902,0.090000,0.356315
teamtotal_x_passtd,t1,,0.6071,2445,247,2010,2025,true,0.516078,0.361371,0.520321,0.30,Over,0.30,Under,0.038446,0.031728,0.044661,0.030951,0.090000,-0.245496
teamtotal_x_passtd,t1,,0.6071,2445,247,2010,2025,true,0.516078,0.361371,0.520321,0.30,Under,0.30,Over,0.021268,0.016380,0.026691,0.030951,0.090000,-0.327296
teamtotal_x_passtd,t1,,0.6071,2445,247,2010,2025,true,0.516078,0.361371,0.520321,0.30,Under,0.30,Under,0.159918,0.151012,0.168016,0.159902,0.090000,0.332944
teamtotal_x_passtd,t1,,0.6071,2445,247,2010,2025,true,0.516078,0.361371,0.520321,0.30,Over,0.50,Over,0.220450,0.211901,0.229015,0.224739,0.150000,0.307469
teamtotal_x_passtd,t1,,0.6071,2445,247,2010,2025,true,0.516078,0.361371,0.520321,0.30,Over,0.50,Under,0.079346,0.071027,0.088060,0.075261,0.150000,-0.308361
teamtotal_x_passtd,t1,,0.6071,2445,247,2010,2025,true,0.516078,0.361371,0.520321,0.30,Under,0.50,Over,0.061350,0.054558,0.069950,0.075261,0.150000,-0.386902
teamtotal_x_passtd,t1,,0.6071,2445,247,2010,2025,true,0.516078,0.361371,0.520321,0.30,Under,0.50,Under,0.238855,0.230031,0.245328,0.224739,0.150000,0.387794
teamtotal_x_passtd,t1,,0.6071,2445,247,2010,2025,true,0.516078,0.361371,0.520321,0.30,Over,0.70,Over,0.261350,0.255220,0.268109,0.269049,0.210000,0.244522
teamtotal_x_passtd,t1,,0.6071,2445,247,2010,2025,true,0.516078,0.361371,0.520321,0.30,Over,0.70,Under,0.134969,0.126244,0.143937,0.140098,0.210000,-0.357289
teamtotal_x_passtd,t1,,0.6071,2445,247,2010,2025,true,0.516078,0.361371,0.520321,0.30,Under,0.70,Over,0.140286,0.131857,0.148919,0.140098,0.210000,-0.331970
teamtotal_x_passtd,t1,,0.6071,2445,247,2010,2025,true,0.516078,0.361371,0.520321,0.30,Under,0.70,Under,0.278937,0.273283,0.283589,0.269049,0.210000,0.328270
teamtotal_x_passtd,t1,,0.6071,2445,247,2010,2025,true,0.516078,0.361371,0.520321,0.50,Over,0.30,Over,0.238037,0.229840,0.245572,0.224739,0.150000,0.384224
teamtotal_x_passtd,t1,,0.6071,2445,247,2010,2025,true,0.516078,0.361371,0.520321,0.50,Over,0.30,Under,0.077301,0.070620,0.086456,0.075261,0.150000,-0.317286
teamtotal_x_passtd,t1,,0.6071,2445,247,2010,2025,true,0.516078,0.361371,0.520321,0.50,Under,0.30,Over,0.061759,0.054387,0.070160,0.075261,0.150000,-0.385117
teamtotal_x_passtd,t1,,0.6071,2445,247,2010,2025,true,0.516078,0.361371,0.520321,0.50,Under,0.30,Under,0.222904,0.213588,0.229583,0.224739,0.150000,0.318179
teamtotal_x_passtd,t1,,0.6071,2445,247,2010,2025,true,0.516078,0.361371,0.520321,0.50,Over,0.50,Over,0.343967,0.335445,0.350939,0.337094,0.250000,0.375869
teamtotal_x_passtd,t1,,0.6071,2445,247,2010,2025,true,0.516078,0.361371,0.520321,0.50,Over,0.50,Under,0.155828,0.149056,0.164396,0.162906,0.250000,-0.376687
teamtotal_x_passtd,t1,,0.6071,2445,247,2010,2025,true,0.516078,0.361371,0.520321,0.50,Under,0.50,Over,0.155828,0.149056,0.164396,0.162906,0.250000,-0.376687
teamtotal_x_passtd,t1,,0.6071,2445,247,2010,2025,true,0.516078,0.361371,0.520321,0.50,Under,0.50,Under,0.344376,0.335620,0.350945,0.337094,0.250000,0.377505
teamtotal_x_passtd,t1,,0.6071,2445,247,2010,2025,true,0.516078,0.361371,0.520321,0.50,Over,0.70,Over,0.422495,0.413339,0.429261,0.424739,0.350000,0.316394
teamtotal_x_passtd,t1,,0.6071,2445,247,2010,2025,true,0.516078,0.361371,0.520321,0.50,Over,0.70,Under,0.261759,0.254389,0.270156,0.275261,0.350000,-0.385117
teamtotal_x_passtd,t1,,0.6071,2445,247,2010,2025,true,0.516078,0.361371,0.520321,0.50,Under,0.70,Over,0.277301,0.270637,0.286619,0.275261,0.350000,-0.317286
teamtotal_x_passtd,t1,,0.6071,2445,247,2010,2025,true,0.516078,0.361371,0.520321,0.50,Under,0.70,Under,0.438446,0.429845,0.445690,0.424739,0.350000,0.386009
teamtotal_x_passtd,t1,,0.6071,2445,247,2010,2025,true,0.516078,0.361371,0.520321,0.70,Over,0.30,Over,0.278528,0.273283,0.283589,0.269049,0.210000,0.326322
teamtotal_x_passtd,t1,,0.6071,2445,247,2010,2025,true,0.516078,0.361371,0.520321,0.70,Over,0.30,Under,0.140286,0.131857,0.148919,0.140098,0.210000,-0.331970
teamtotal_x_passtd,t1,,0.6071,2445,247,2010,2025,true,0.516078,0.361371,0.520321,0.70,Under,0.30,Over,0.134969,0.126244,0.143937,0.140098,0.210000,-0.357289
teamtotal_x_passtd,t1,,0.6071,2445,247,2010,2025,true,0.516078,0.361371,0.520321,0.70,Under,0.30,Under,0.261759,0.255220,0.268109,0.269049,0.210000,0.246470
teamtotal_x_passtd,t1,,0.6071,2445,247,2010,2025,true,0.516078,0.361371,0.520321,0.70,Over,0.50,Over,0.438446,0.429880,0.445247,0.424739,0.350000,0.386009
teamtotal_x_passtd,t1,,0.6071,2445,247,2010,2025,true,0.516078,0.361371,0.520321,0.70,Over,0.50,Under,0.261350,0.254869,0.270083,0.275261,0.350000,-0.386902
teamtotal_x_passtd,t1,,0.6071,2445,247,2010,2025,true,0.516078,0.361371,0.520321,0.70,Under,0.50,Over,0.279346,0.270781,0.287963,0.275261,0.350000,-0.308361
teamtotal_x_passtd,t1,,0.6071,2445,247,2010,2025,true,0.516078,0.361371,0.520321,0.70,Under,0.50,Under,0.420859,0.412136,0.429176,0.424739,0.350000,0.309254
teamtotal_x_passtd,t1,,0.6071,2445,247,2010,2025,true,0.516078,0.361371,0.520321,0.70,Over,0.70,Over,0.559509,0.551176,0.568204,0.559902,0.490000,0.330996
teamtotal_x_passtd,t1,,0.6071,2445,247,2010,2025,true,0.516078,0.361371,0.520321,0.70,Over,0.70,Under,0.421268,0.416379,0.426761,0.430951,0.490000,-0.327296
teamtotal_x_passtd,t1,,0.6071,2445,247,2010,2025,true,0.516078,0.361371,0.520321,0.70,Under,0.70,Over,0.438446,0.432054,0.444902,0.430951,0.490000,-0.245496
teamtotal_x_passtd,t1,,0.6071,2445,247,2010,2025,true,0.516078,0.361371,0.520321,0.70,Under,0.70,Under,0.565235,0.556090,0.573877,0.559902,0.490000,0.358263
teamtotal_x_passtd,t2,0.6071,0.6897,2417,300,2010,2025,true,0.565828,0.401126,0.569731,0.30,Over,0.30,Over,0.173769,0.164175,0.183034,0.167754,0.090000,0.398901
teamtotal_x_passtd,t2,0.6071,0.6897,2417,300,2010,2025,true,0.565828,0.401126,0.569731,0.30,Over,0.30,Under,0.035168,0.028565,0.040989,0.025828,0.090000,-0.261107
teamtotal_x_passtd,t2,0.6071,0.6897,2417,300,2010,2025,true,0.565828,0.401126,0.569731,0.30,Under,0.30,Over,0.016963,0.011865,0.022060,0.025828,0.090000,-0.347794
teamtotal_x_passtd,t2,0.6071,0.6897,2417,300,2010,2025,true,0.565828,0.401126,0.569731,0.30,Under,0.30,Under,0.167563,0.159314,0.175498,0.167754,0.090000,0.369348
teamtotal_x_passtd,t2,0.6071,0.6897,2417,300,2010,2025,true,0.565828,0.401126,0.569731,0.30,Over,0.50,Over,0.230451,0.222499,0.240036,0.232453,0.150000,0.351117
teamtotal_x_passtd,t2,0.6071,0.6897,2417,300,2010,2025,true,0.565828,0.401126,0.569731,0.30,Over,0.50,Under,0.069508,0.060004,0.077608,0.067547,0.150000,-0.351297
teamtotal_x_passtd,t2,0.6071,0.6897,2417,300,2010,2025,true,0.565828,0.401126,0.569731,0.30,Under,0.50,Over,0.059164,0.050521,0.065690,0.067547,0.150000,-0.396440
teamtotal_x_passtd,t2,0.6071,0.6897,2417,300,2010,2025,true,0.565828,0.401126,0.569731,0.30,Under,0.50,Under,0.240794,0.234358,0.249587,0.232453,0.150000,0.396259
teamtotal_x_passtd,t2,0.6071,0.6897,2417,300,2010,2025,true,0.565828,0.401126,0.569731,0.30,Over,0.70,Over,0.264791,0.258903,0.271431,0.274172,0.210000,0.260910
teamtotal_x_passtd,t2,0.6071,0.6897,2417,300,2010,2025,true,0.565828,0.401126,0.569731,0.30,Over,0.70,Under,0.126189,0.116915,0.135866,0.132246,0.210000,-0.399098
teamtotal_x_passtd,t2,0.6071,0.6897,2417,300,2010,2025,true,0.565828,0.401126,0.569731,0.30,Under,0.70,Over,0.132396,0.124379,0.140692,0.132246,0.210000,-0.369545
teamtotal_x_passtd,t2,0.6071,0.6897,2417,300,2010,2025,true,0.565828,0.401126,0.569731,0.30,Under,0.70,Under,0.282995,0.277952,0.288173,0.274172,0.210000,0.347597
teamtotal_x_passtd,t2,0.6071,0.6897,2417,300,2010,2025,true,0.565828,0.401126,0.569731,0.50,Over,0.30,Over,0.247000,0.238836,0.255594,0.232453,0.150000,0.423345
teamtotal_x_passtd,t2,0.6071,0.6897,2417,300,2010,2025,true,0.565828,0.401126,0.569731,0.50,Over,0.30,Under,0.075300,0.066489,0.083133,0.067547,0.150000,-0.326018
teamtotal_x_passtd,t2,0.6071,0.6897,2417,300,2010,2025,true,0.565828,0.401126,0.569731,0.50,Under,0.30,Over,0.052958,0.044278,0.061081,0.067547,0.150000,-0.423525
teamtotal_x_passtd,t2,0.6071,0.6897,2417,300,2010,2025,true,0.565828,0.401126,0.569731,0.50,Under,0.30,Under,0.224659,0.216925,0.233594,0.232453,0.150000,0.325837
teamtotal_x_passtd,t2,0.6071,0.6897,2417,300,2010,2025,true,0.565828,0.401126,0.569731,0.50,Over,0.50,Over,0.350434,0.341054,0.361468,0.346476,0.250000,0.401738
teamtotal_x_passtd,t2,0.6071,0.6897,2417,300,2010,2025,true,0.565828,0.401126,0.569731,0.50,Over,0.50,Under,0.149359,0.138495,0.158779,0.153524,0.250000,-0.402565
teamtotal_x_passtd,t2,0.6071,0.6897,2417,300,2010,2025,true,0.565828,0.401126,0.569731,0.50,Under,0.50,Over,0.149359,0.138495,0.158779,0.153524,0.250000,-0.402565
teamtotal_x_passtd,t2,0.6071,0.6897,2417,300,2010,2025,true,0.565828,0.401126,0.569731,0.50,Under,0.50,Under,0.350848,0.341363,0.361717,0.346476,0.250000,0.403393
teamtotal_x_passtd,t2,0.6071,0.6897,2417,300,2010,2025,true,0.565828,0.401126,0.569731,0.50,Over,0.70,Over,0.424493,0.416862,0.433510,0.432453,0.350000,0.325115
teamtotal_x_passtd,t2,0.6071,0.6897,2417,300,2010,2025,true,0.565828,0.401126,0.569731,0.50,Over,0.70,Under,0.252793,0.244254,0.261164,0.267547,0.350000,-0.424247
teamtotal_x_passtd,t2,0.6071,0.6897,2417,300,2010,2025,true,0.565828,0.401126,0.569731,0.50,Under,0.70,Over,0.275548,0.266408,0.283081,0.267547,0.350000,-0.324934
teamtotal_x_passtd,t2,0.6071,0.6897,2417,300,2010,2025,true,0.565828,0.401126,0.569731,0.50,Under,0.70,Under,0.447249,0.438919,0.455791,0.432453,0.350000,0.424428
teamtotal_x_passtd,t2,0.6071,0.6897,2417,300,2010,2025,true,0.565828,0.401126,0.569731,0.70,Over,0.30,Over,0.282995,0.277952,0.288173,0.274172,0.210000,0.347597
teamtotal_x_passtd,t2,0.6071,0.6897,2417,300,2010,2025,true,0.565828,0.401126,0.569731,0.70,Over,0.30,Under,0.132396,0.124379,0.140692,0.132246,0.210000,-0.369545
teamtotal_x_passtd,t2,0.6071,0.6897,2417,300,2010,2025,true,0.565828,0.401126,0.569731,0.70,Under,0.30,Over,0.126189,0.116915,0.135866,0.132246,0.210000,-0.399098
teamtotal_x_passtd,t2,0.6071,0.6897,2417,300,2010,2025,true,0.565828,0.401126,0.569731,0.70,Under,0.30,Under,0.264791,0.258903,0.271431,0.274172,0.210000,0.260910
teamtotal_x_passtd,t2,0.6071,0.6897,2417,300,2010,2025,true,0.565828,0.401126,0.569731,0.70,Over,0.50,Over,0.440629,0.434208,0.449270,0.432453,0.350000,0.395537
teamtotal_x_passtd,t2,0.6071,0.6897,2417,300,2010,2025,true,0.565828,0.401126,0.569731,0.70,Over,0.50,Under,0.259412,0.250526,0.265767,0.267547,0.350000,-0.395356
teamtotal_x_passtd,t2,0.6071,0.6897,2417,300,2010,2025,true,0.565828,0.401126,0.569731,0.70,Under,0.50,Over,0.269342,0.259840,0.277501,0.267547,0.350000,-0.352020
teamtotal_x_passtd,t2,0.6071,0.6897,2417,300,2010,2025,true,0.565828,0.401126,0.569731,0.70,Under,0.50,Under,0.430699,0.422392,0.440170,0.432453,0.350000,0.352200
teamtotal_x_passtd,t2,0.6071,0.6897,2417,300,2010,2025,true,0.565828,0.401126,0.569731,0.70,Over,0.70,Over,0.567646,0.559261,0.575786,0.567754,0.490000,0.369742
teamtotal_x_passtd,t2,0.6071,0.6897,2417,300,2010,2025,true,0.565828,0.401126,0.569731,0.70,Over,0.70,Under,0.417046,0.411813,0.422117,0.425828,0.490000,-0.347400
teamtotal_x_passtd,t2,0.6071,0.6897,2417,300,2010,2025,true,0.565828,0.401126,0.569731,0.70,Under,0.70,Over,0.435250,0.428627,0.440998,0.425828,0.490000,-0.260713
teamtotal_x_passtd,t2,0.6071,0.6897,2417,300,2010,2025,true,0.565828,0.401126,0.569731,0.70,Under,0.70,Under,0.573852,0.564257,0.582958,0.567754,0.490000,0.399295
teamtotal_x_passtd,t3,0.6897,,2423,239,2010,2025,true,0.610521,0.434641,0.609971,0.30,Over,0.30,Over,0.178704,0.170021,0.188834,0.174428,0.090000,0.422400
teamtotal_x_passtd,t3,0.6897,,2423,239,2010,2025,true,0.610521,0.434641,0.609971,0.30,Over,0.30,Under,0.028477,0.023679,0.035449,0.021773,0.090000,-0.292966
teamtotal_x_passtd,t3,0.6897,,2423,239,2010,2025,true,0.610521,0.434641,0.609971,0.30,Under,0.30,Over,0.011969,0.007736,0.016496,0.021773,0.090000,-0.371578
teamtotal_x_passtd,t3,0.6897,,2423,239,2010,2025,true,0.610521,0.434641,0.609971,0.30,Under,0.30,Under,0.182006,0.170583,0.189721,0.174428,0.090000,0.438123
teamtotal_x_passtd,t3,0.6897,,2423,239,2010,2025,true,0.610521,0.434641,0.609971,0.30,Over,0.50,Over,0.233182,0.224514,0.241342,0.238877,0.150000,0.363036
teamtotal_x_passtd,t3,0.6897,,2423,239,2010,2025,true,0.610521,0.434641,0.609971,0.30,Over,0.50,Under,0.066859,0.058551,0.075503,0.061123,0.150000,-0.362856
teamtotal_x_passtd,t3,0.6897,,2423,239,2010,2025,true,0.610521,0.434641,0.609971,0.30,Under,0.50,Over,0.053240,0.044252,0.062754,0.061123,0.150000,-0.422296
teamtotal_x_passtd,t3,0.6897,,2423,239,2010,2025,true,0.610521,0.434641,0.609971,0.30,Under,0.50,Under,0.246801,0.237089,0.255745,0.238877,0.150000,0.422476
teamtotal_x_passtd,t3,0.6897,,2423,239,2010,2025,true,0.610521,0.434641,0.609971,0.30,Over,0.70,Over,0.271564,0.264589,0.276384,0.278227,0.210000,0.293163
teamtotal_x_passtd,t3,0.6897,,2423,239,2010,2025,true,0.610521,0.434641,0.609971,0.30,Over,0.70,Under,0.121337,0.111252,0.130054,0.125572,0.210000,-0.422204
teamtotal_x_passtd,t3,0.6897,,2423,239,2010,2025,true,0.610521,0.434641,0.609971,0.30,Under,0.70,Over,0.118035,0.110357,0.129261,0.125572,0.210000,-0.437926
teamtotal_x_passtd,t3,0.6897,,2423,239,2010,2025,true,0.610521,0.434641,0.609971,0.30,Under,0.70,Under,0.288073,0.283587,0.292352,0.278227,0.210000,0.371774
teamtotal_x_passtd,t3,0.6897,,2423,239,2010,2025,true,0.610521,0.434641,0.609971,0.50,Over,0.30,Over,0.254230,0.245826,0.261827,0.238877,0.150000,0.454898
teamtotal_x_passtd,t3,0.6897,,2423,239,2010,2025,true,0.610521,0.434641,0.609971,0.50,Over,0.30,Under,0.063558,0.055533,0.073654,0.061123,0.150000,-0.377266
teamtotal_x_passtd,t3,0.6897,,2423,239,2010,2025,true,0.610521,0.434641,0.609971,0.50,Under,0.30,Over,0.045811,0.038288,0.054259,0.061123,0.150000,-0.454718
teamtotal_x_passtd,t3,0.6897,,2423,239,2010,2025,true,0.610521,0.434641,0.609971,0.50,Under,0.30,Under,0.236484,0.226439,0.244426,0.238877,0.150000,0.377446
teamtotal_x_passtd,t3,0.6897,,2423,239,2010,2025,true,0.610521,0.434641,0.609971,0.50,Over,0.50,Over,0.357408,0.346593,0.366297,0.354409,0.250000,0.429633
teamtotal_x_passtd,t3,0.6897,,2423,239,2010,2025,true,0.610521,0.434641,0.609971,0.50,Over,0.50,Under,0.142385,0.133687,0.153204,0.145591,0.250000,-0.430458
teamtotal_x_passtd,t3,0.6897,,2423,239,2010,2025,true,0.610521,0.434641,0.609971,0.50,Under,0.50,Over,0.142385,0.133687,0.153204,0.145591,0.250000,-0.430458
teamtotal_x_passtd,t3,0.6897,,2423,239,2010,2025,true,0.610521,0.434641,0.609971,0.50,Under,0.50,Under,0.357821,0.347000,0.366313,0.354409,0.250000,0.431284
teamtotal_x_passtd,t3,0.6897,,2423,239,2010,2025,true,0.610521,0.434641,0.609971,0.50,Over,0.70,Over,0.436236,0.426158,0.444250,0.438877,0.350000,0.376365
teamtotal_x_passtd,t3,0.6897,,2423,239,2010,2025,true,0.610521,0.434641,0.609971,0.50,Over,0.70,Under,0.245563,0.238173,0.254174,0.261123,0.350000,-0.455799
teamtotal_x_passtd,t3,0.6897,,2423,239,2010,2025,true,0.610521,0.434641,0.609971,0.50,Under,0.70,Over,0.263723,0.255789,0.273713,0.261123,0.350000,-0.376545
teamtotal_x_passtd,t3,0.6897,,2423,239,2010,2025,true,0.610521,0.434641,0.609971,0.50,Under,0.70,Under,0.454395,0.445741,0.461793,0.438877,0.350000,0.455619
teamtotal_x_passtd,t3,0.6897,,2423,239,2010,2025,true,0.610521,0.434641,0.609971,0.70,Over,0.30,Over,0.288073,0.283581,0.292315,0.278227,0.210000,0.371774
teamtotal_x_passtd,t3,0.6897,,2423,239,2010,2025,true,0.610521,0.434641,0.609971,0.70,Over,0.30,Under,0.118035,0.110357,0.129261,0.125572,0.210000,-0.437926
teamtotal_x_passtd,t3,0.6897,,2423,239,2010,2025,true,0.610521,0.434641,0.609971,0.70,Under,0.30,Over,0.121337,0.111252,0.130054,0.125572,0.210000,-0.422204
teamtotal_x_passtd,t3,0.6897,,2423,239,2010,2025,true,0.610521,0.434641,0.609971,0.70,Under,0.30,Under,0.271564,0.264613,0.276386,0.278227,0.210000,0.293163
teamtotal_x_passtd,t3,0.6897,,2423,239,2010,2025,true,0.610521,0.434641,0.609971,0.70,Over,0.50,Over,0.446554,0.437246,0.455743,0.438877,0.350000,0.421396
teamtotal_x_passtd,t3,0.6897,,2423,239,2010,2025,true,0.610521,0.434641,0.609971,0.70,Over,0.50,Under,0.253405,0.244260,0.262911,0.261123,0.350000,-0.421576
teamtotal_x_passtd,t3,0.6897,,2423,239,2010,2025,true,0.610521,0.434641,0.609971,0.70,Under,0.50,Over,0.266612,0.258453,0.275280,0.261123,0.350000,-0.363937
teamtotal_x_passtd,t3,0.6897,,2423,239,2010,2025,true,0.610521,0.434641,0.609971,0.70,Under,0.50,Under,0.433347,0.424702,0.441666,0.438877,0.350000,0.363757
teamtotal_x_passtd,t3,0.6897,,2423,239,2010,2025,true,0.610521,0.434641,0.609971,0.70,Over,0.70,Over,0.581923,0.570724,0.589795,0.574428,0.490000,0.437730
teamtotal_x_passtd,t3,0.6897,,2423,239,2010,2025,true,0.610521,0.434641,0.609971,0.70,Over,0.70,Under,0.411886,0.407737,0.416338,0.421773,0.490000,-0.371971
teamtotal_x_passtd,t3,0.6897,,2423,239,2010,2025,true,0.610521,0.434641,0.609971,0.70,Under,0.70,Over,0.428395,0.423453,0.435449,0.421773,0.490000,-0.293359
teamtotal_x_passtd,t3,0.6897,,2423,239,2010,2025,true,0.610521,0.434641,0.609971,0.70,Under,0.70,Under,0.578622,0.569892,0.588940,0.574428,0.490000,0.422007
passyds_x_wr1recyds,all,,,5488,527,2010,2025,true,0.431195,0.297742,0.430691,0.30,Over,0.30,Over,0.154155,0.147441,0.159676,0.146432,0.090000,0.305498
passyds_x_wr1recyds,all,,,5488,527,2010,2025,true,0.431195,0.297742,0.430691,0.30,Over,0.30,Under,0.041181,0.036284,0.045683,0.040545,0.090000,-0.232473
passyds_x_wr1recyds,all,,,5488,527,2010,2025,true,0.431195,0.297742,0.430691,0.30,Under,0.30,Over,0.037172,0.032909,0.042019,0.040545,0.090000,-0.251562
passyds_x_wr1recyds,all,,,5488,527,2010,2025,true,0.431195,0.297742,0.430691,0.30,Under,0.30,Under,0.146866,0.140633,0.153108,0.146432,0.090000,0.270790
passyds_x_wr1recyds,all,,,5488,527,2010,2025,true,0.431195,0.297742,0.430691,0.30,Over,0.50,Over,0.214103,0.208157,0.220488,0.211157,0.150000,0.279771
passyds_x_wr1recyds,all,,,5488,527,2010,2025,true,0.431195,0.297742,0.430691,0.30,Over,0.50,Under,0.085824,0.079566,0.091827,0.088843,0.150000,-0.280089
passyds_x_wr1recyds,all,,,5488,527,2010,2025,true,0.431195,0.297742,0.430691,0.30,Under,0.50,Over,0.083819,0.077665,0.089134,0.088843,0.150000,-0.288837
passyds_x_wr1recyds,all,,,5488,527,2010,2025,true,0.431195,0.297742,0.430691,0.30,Under,0.50,Under,0.216108,0.210953,0.222392,0.211157,0.150000,0.288518
passyds_x_wr1recyds,all,,,5488,527,2010,2025,true,0.431195,0.297742,0.430691,0.30,Over,0.70,Over,0.258746,0.254267,0.263788,0.259455,0.210000,0.232126
passyds_x_wr1recyds,all,,,5488,527,2010,2025,true,0.431195,0.297742,0.430691,0.30,Over,0.70,Under,0.145773,0.140298,0.152524,0.153568,0.210000,-0.305845
passyds_x_wr1recyds,all,,,5488,527,2010,2025,true,0.431195,0.297742,0.430691,0.30,Under,0.70,Over,0.153061,0.146892,0.159438,0.153568,0.210000,-0.271137
passyds_x_wr1recyds,all,,,5488,527,2010,2025,true,0.431195,0.297742,0.430691,0.30,Under,0.70,Under,0.262755,0.258040,0.267167,0.259455,0.210000,0.251215
passyds_x_wr1recyds,all,,,5488,527,2010,2025,true,0.431195,0.297742,0.430691,0.50,Over,0.30,Over,0.218477,0.212200,0.223967,0.211157,0.150000,0.298857
passyds_x_wr1recyds,all,,,5488,527,2010,2025,true,0.431195,0.297742,0.430691,0.50,Over,0.30,Under,0.086917,0.080062,0.093117,0.088843,0.150000,-0.275317
passyds_x_wr1recyds,all,,,5488,527,2010,2025,true,0.431195,0.297742,0.430691,0.50,Under,0.30,Over,0.081450,0.076102,0.087763,0.088843,0.150000,-0.299175
passyds_x_wr1recyds,all,,,5488,527,2010,2025,true,0.431195,0.297742,0.430691,0.50,Under,0.30,Under,0.213010,0.206859,0.219866,0.211157,0.150000,0.274999
passyds_x_wr1recyds,all,,,5488,527,2010,2025,true,0.431195,0.297742,0.430691,0.50,Over,0.50,Over,0.325620,0.319488,0.334130,0.320865,0.250000,0.302478
passyds_x_wr1recyds,all,,,5488,527,2010,2025,true,0.431195,0.297742,0.430691,0.50,Over,0.50,Under,0.174380,0.165868,0.180423,0.179135,0.250000,-0.302478
passyds_x_wr1recyds,all,,,5488,527,2010,2025,true,0.431195,0.297742,0.430691,0.50,Under,0.50,Over,0.174380,0.165868,0.180423,0.179135,0.250000,-0.302478
passyds_x_wr1recyds,all,,,5488,527,2010,2025,true,0.431195,0.297742,0.430691,0.50,Under,0.50,Under,0.325620,0.319624,0.334134,0.320865,0.250000,0.302478
passyds_x_wr1recyds,all,,,5488,527,2010,2025,true,0.431195,0.297742,0.430691,0.50,Over,0.70,Over,0.413083,0.406883,0.419936,0.411157,0.350000,0.275317
passyds_x_wr1recyds,all,,,5488,527,2010,2025,true,0.431195,0.297742,0.430691,0.50,Over,0.70,Under,0.281523,0.276030,0.287797,0.288843,0.350000,-0.298857
passyds_x_wr1recyds,all,,,5488,527,2010,2025,true,0.431195,0.297742,0.430691,0.50,Under,0.70,Over,0.286990,0.280136,0.293143,0.288843,0.350000,-0.274999
passyds_x_wr1recyds,all,,,5488,527,2010,2025,true,0.431195,0.297742,0.430691,0.50,Under,0.70,Under,0.418550,0.412240,0.423898,0.411157,0.350000,0.299175
passyds_x_wr1recyds,all,,,5488,527,2010,2025,true,0.431195,0.297742,0.430691,0.70,Over,0.30,Over,0.262755,0.257981,0.267144,0.259455,0.210000,0.251215
passyds_x_wr1recyds,all,,,5488,527,2010,2025,true,0.431195,0.297742,0.430691,0.70,Over,0.30,Under,0.153061,0.146892,0.159438,0.153568,0.210000,-0.271137
passyds_x_wr1recyds,all,,,5488,527,2010,2025,true,0.431195,0.297742,0.430691,0.70,Under,0.30,Over,0.145773,0.140298,0.152524,0.153568,0.210000,-0.305845
passyds_x_wr1recyds,all,,,5488,527,2010,2025,true,0.431195,0.297742,0.430691,0.70,Under,0.30,Under,0.258746,0.254297,0.263788,0.259455,0.210000,0.232126
passyds_x_wr1recyds,all,,,5488,527,2010,2025,true,0.431195,0.297742,0.430691,0.70,Over,0.50,Over,0.416181,0.410779,0.422334,0.411157,0.350000,0.288837
passyds_x_wr1recyds,all,,,5488,527,2010,2025,true,0.431195,0.297742,0.430691,0.70,Over,0.50,Under,0.283892,0.277700,0.289136,0.288843,0.350000,-0.288518
passyds_x_wr1recyds,all,,,5488,527,2010,2025,true,0.431195,0.297742,0.430691,0.70,Under,0.50,Over,0.285897,0.279419,0.291754,0.288843,0.350000,-0.279771
passyds_x_wr1recyds,all,,,5488,527,2010,2025,true,0.431195,0.297742,0.430691,0.70,Under,0.50,Under,0.414176,0.408262,0.420527,0.411157,0.350000,0.280089
passyds_x_wr1recyds,all,,,5488,527,2010,2025,true,0.431195,0.297742,0.430691,0.70,Over,0.70,Over,0.547012,0.540491,0.553109,0.546432,0.490000,0.271484
passyds_x_wr1recyds,all,,,5488,527,2010,2025,true,0.431195,0.297742,0.430691,0.70,Over,0.70,Under,0.437318,0.432802,0.441975,0.440545,0.490000,-0.250868
passyds_x_wr1recyds,all,,,5488,527,2010,2025,true,0.431195,0.297742,0.430691,0.70,Under,0.70,Over,0.441327,0.436190,0.445777,0.440545,0.490000,-0.231778
passyds_x_wr1recyds,all,,,5488,527,2010,2025,true,0.431195,0.297742,0.430691,0.70,Under,0.70,Under,0.554300,0.547512,0.559755,0.546432,0.490000,0.306192
passyds_x_wr1recyds,t1,,0.2273,1834,382,2010,2025,true,0.394291,0.269479,0.396539,0.30,Over,0.30,Over,0.146129,0.135565,0.157778,0.141517,0.090000,0.267279
passyds_x_wr1recyds,t1,,0.2273,1834,382,2010,2025,true,0.394291,0.269479,0.396539,0.30,Over,0.30,Under,0.046892,0.038291,0.053900,0.044280,0.090000,-0.205276
passyds_x_wr1recyds,t1,,0.2273,1834,382,2010,2025,true,0.394291,0.269479,0.396539,0.30,Under,0.30,Over,0.035442,0.028018,0.044057,0.044280,0.090000,-0.259802
passyds_x_wr1recyds,t1,,0.2273,1834,382,2010,2025,true,0.394291,0.269479,0.396539,0.30,Under,0.30,Under,0.140676,0.130701,0.152600,0.141517,0.090000,0.241315
passyds_x_wr1recyds,t1,,0.2273,1834,382,2010,2025,true,0.394291,0.269479,0.396539,0.30,Over,0.50,Over,0.208288,0.198170,0.218549,0.206100,0.150000,0.254389
passyds_x_wr1recyds,t1,,0.2273,1834,382,2010,2025,true,0.394291,0.269479,0.396539,0.30,Over,0.50,Under,0.091603,0.081573,0.101787,0.093900,0.150000,-0.254865
passyds_x_wr1recyds,t1,,0.2273,1834,382,2010,2025,true,0.394291,0.269479,0.396539,0.30,Under,0.50,Over,0.083969,0.074669,0.096015,0.093900,0.150000,-0.288181
passyds_x_wr1recyds,t1,,0.2273,1834,382,2010,2025,true,0.394291,0.269479,0.396539,0.30,Under,0.50,Under,0.215921,0.204008,0.225123,0.206100,0.150000,0.287705
passyds_x_wr1recyds,t1,,0.2273,1834,382,2010,2025,true,0.394291,0.269479,0.396539,0.30,Over,0.70,Over,0.252999,0.246035,0.261658,0.255720,0.210000,0.204757
passyds_x_wr1recyds,t1,,0.2273,1834,382,2010,2025,true,0.394291,0.269479,0.396539,0.30,Over,0.70,Under,0.153762,0.142214,0.164559,0.158483,0.210000,-0.267799
passyds_x_wr1recyds,t1,,0.2273,1834,382,2010,2025,true,0.394291,0.269479,0.396539,0.30,Under,0.70,Over,0.159215,0.147567,0.169080,0.158483,0.210000,-0.241834
passyds_x_wr1recyds,t1,,0.2273,1834,382,2010,2025,true,0.394291,0.269479,0.396539,0.30,Under,0.70,Under,0.264449,0.255980,0.272037,0.255720,0.210000,0.259282
passyds_x_wr1recyds,t1,,0.2273,1834,382,2010,2025,true,0.394291,0.269479,0.396539,0.50,Over,0.30,Over,0.212650,0.203451,0.223086,0.206100,0.150000,0.273427
passyds_x_wr1recyds,t1,,0.2273,1834,382,2010,2025,true,0.394291,0.269479,0.396539,0.50,Over,0.30,Under,0.096510,0.084243,0.105694,0.093900,0.150000,-0.233448
passyds_x_wr1recyds,t1,,0.2273,1834,382,2010,2025,true,0.394291,0.269479,0.396539,0.50,Under,0.30,Over,0.087241,0.077056,0.096631,0.093900,0.150000,-0.273903
passyds_x_wr1recyds,t1,,0.2273,1834,382,2010,2025,true,0.394291,0.269479,0.396539,0.50,Under,0.30,Under,0.203381,0.194204,0.215745,0.206100,0.150000,0.232972
passyds_x_wr1recyds,t1,,0.2273,1834,382,2010,2025,true,0.394291,0.269479,0.396539,0.50,Over,0.50,Over,0.318430,0.305056,0.328657,0.314894,0.250000,0.273719
passyds_x_wr1recyds,t1,,0.2273,1834,382,2010,2025,true,0.394291,0.269479,0.396539,0.50,Over,0.50,Under,0.181570,0.171335,0.194726,0.185106,0.250000,-0.273719
passyds_x_wr1recyds,t1,,0.2273,1834,382,2010,2025,true,0.394291,0.269479,0.396539,0.50,Under,0.50,Over,0.181570,0.171335,0.194726,0.185106,0.250000,-0.273719
passyds_x_wr1recyds,t1,,0.2273,1834,382,2010,2025,true,0.394291,0.269479,0.396539,0.50,Under,0.50,Under,0.318430,0.305274,0.328849,0.314894,0.250000,0.273719
passyds_x_wr1recyds,t1,,0.2273,1834,382,2010,2025,true,0.394291,0.269479,0.396539,0.50,Over,0.70,Over,0.403490,0.394306,0.415755,0.406100,0.350000,0.233448
passyds_x_wr1recyds,t1,,0.2273,1834,382,2010,2025,true,0.394291,0.269479,0.396539,0.50,Over,0.70,Under,0.287350,0.276913,0.296399,0.293900,0.350000,-0.273427
passyds_x_wr1recyds,t1,,0.2273,1834,382,2010,2025,true,0.394291,0.269479,0.396539,0.50,Under,0.70,Over,0.296619,0.284378,0.305796,0.293900,0.350000,-0.232972
passyds_x_wr1recyds,t1,,0.2273,1834,382,2010,2025,true,0.394291,0.269479,0.396539,0.50,Under,0.70,Under,0.412759,0.403441,0.422947,0.406100,0.350000,0.273903
passyds_x_wr1recyds,t1,,0.2273,1834,382,2010,2025,true,0.394291,0.269479,0.396539,0.70,Over,0.30,Over,0.264449,0.255980,0.272037,0.255720,0.210000,0.259282
passyds_x_wr1recyds,t1,,0.2273,1834,382,2010,2025,true,0.394291,0.269479,0.396539,0.70,Over,0.30,Under,0.159215,0.147567,0.169080,0.158483,0.210000,-0.241834
passyds_x_wr1recyds,t1,,0.2273,1834,382,2010,2025,true,0.394291,0.269479,0.396539,0.70,Under,0.30,Over,0.153762,0.142214,0.164559,0.158483,0.210000,-0.267799
passyds_x_wr1recyds,t1,,0.2273,1834,382,2010,2025,true,0.394291,0.269479,0.396539,0.70,Under,0.30,Under,0.252999,0.246035,0.261658,0.255720,0.210000,0.204757
passyds_x_wr1recyds,t1,,0.2273,1834,382,2010,2025,true,0.394291,0.269479,0.396539,0.70,Over,0.50,Over,0.416031,0.403978,0.425324,0.406100,0.350000,0.288181
passyds_x_wr1recyds,t1,,0.2273,1834,382,2010,2025,true,0.394291,0.269479,0.396539,0.70,Over,0.50,Under,0.284079,0.274884,0.296120,0.293900,0.350000,-0.287705
passyds_x_wr1recyds,t1,,0.2273,1834,382,2010,2025,true,0.394291,0.269479,0.396539,0.70,Under,0.50,Over,0.291712,0.281451,0.301828,0.293900,0.350000,-0.254389
passyds_x_wr1recyds,t1,,0.2273,1834,382,2010,2025,true,0.394291,0.269479,0.396539,0.70,Under,0.50,Under,0.408397,0.398239,0.418446,0.406100,0.350000,0.254865
passyds_x_wr1recyds,t1,,0.2273,1834,382,2010,2025,true,0.394291,0.269479,0.396539,0.70,Over,0.70,Over,0.540894,0.531042,0.552265,0.541517,0.490000,0.242353
passyds_x_wr1recyds,t1,,0.2273,1834,382,2010,2025,true,0.394291,0.269479,0.396539,0.70,Over,0.70,Under,0.435660,0.427853,0.444089,0.444280,0.490000,-0.258763
passyds_x_wr1recyds,t1,,0.2273,1834,382,2010,2025,true,0.394291,0.269479,0.396539,0.70,Under,0.70,Over,0.447110,0.438501,0.454129,0.444280,0.490000,-0.204237
passyds_x_wr1recyds,t1,,0.2273,1834,382,2010,2025,true,0.394291,0.269479,0.396539,0.70,Under,0.70,Under,0.546347,0.535326,0.557664,0.541517,0.490000,0.268318
passyds_x_wr1recyds,t2,0.2273,0.2655,1825,424,2010,2025,true,0.423725,0.293627,0.424334,0.30,Over,0.30,Over,0.158904,0.147998,0.171071,0.145509,0.090000,0.328115
passyds_x_wr1recyds,t2,0.2273,0.2655,1825,424,2010,2025,true,0.423725,0.293627,0.424334,0.30,Over,0.30,Under,0.040548,0.033134,0.048988,0.041237,0.090000,-0.235486
passyds_x_wr1recyds,t2,0.2273,0.2655,1825,424,2010,2025,true,0.423725,0.293627,0.424334,0.30,Under,0.30,Over,0.039452,0.032161,0.048678,0.041237,0.090000,-0.240705
passyds_x_wr1recyds,t2,0.2273,0.2655,1825,424,2010,2025,true,0.423725,0.293627,0.424334,0.30,Under,0.30,Under,0.146849,0.135722,0.155497,0.145509,0.090000,0.270711
passyds_x_wr1recyds,t2,0.2273,0.2655,1825,424,2010,2025,true,0.423725,0.293627,0.424334,0.30,Over,0.50,Over,0.212603,0.202578,0.223693,0.210212,0.150000,0.273221
passyds_x_wr1recyds,t2,0.2273,0.2655,1825,424,2010,2025,true,0.423725,0.293627,0.424334,0.30,Over,0.50,Under,0.087123,0.076353,0.097522,0.089788,0.150000,-0.274416
passyds_x_wr1recyds,t2,0.2273,0.2655,1825,424,2010,2025,true,0.423725,0.293627,0.424334,0.30,Under,0.50,Over,0.090959,0.079973,0.101957,0.089788,0.150000,-0.257676
passyds_x_wr1recyds,t2,0.2273,0.2655,1825,424,2010,2025,true,0.423725,0.293627,0.424334,0.30,Under,0.50,Under,0.209315,0.198091,0.219869,0.210212,0.150000,0.258872
passyds_x_wr1recyds,t2,0.2273,0.2655,1825,424,2010,2025,true,0.423725,0.293627,0.424334,0.30,Over,0.70,Over,0.259178,0.250994,0.266827,0.258763,0.210000,0.234181
passyds_x_wr1recyds,t2,0.2273,0.2655,1825,424,2010,2025,true,0.423725,0.293627,0.424334,0.30,Over,0.70,Under,0.140822,0.128794,0.151978,0.154491,0.210000,-0.329419
passyds_x_wr1recyds,t2,0.2273,0.2655,1825,424,2010,2025,true,0.423725,0.293627,0.424334,0.30,Under,0.70,Over,0.153425,0.144719,0.164179,0.154491,0.210000,-0.269406
passyds_x_wr1recyds,t2,0.2273,0.2655,1825,424,2010,2025,true,0.423725,0.293627,0.424334,0.30,Under,0.70,Under,0.260822,0.251483,0.268012,0.258763,0.210000,0.242009
passyds_x_wr1recyds,t2,0.2273,0.2655,1825,424,2010,2025,true,0.423725,0.293627,0.424334,0.50,Over,0.30,Over,0.219726,0.209048,0.229918,0.210212,0.150000,0.304309
passyds_x_wr1recyds,t2,0.2273,0.2655,1825,424,2010,2025,true,0.423725,0.293627,0.424334,0.50,Over,0.30,Under,0.085479,0.077085,0.098760,0.089788,0.150000,-0.281591
passyds_x_wr1recyds,t2,0.2273,0.2655,1825,424,2010,2025,true,0.423725,0.293627,0.424334,0.50,Under,0.30,Over,0.080000,0.070131,0.091120,0.089788,0.150000,-0.305505
passyds_x_wr1recyds,t2,0.2273,0.2655,1825,424,2010,2025,true,0.423725,0.293627,0.424334,0.50,Under,0.30,Under,0.214795,0.201323,0.223077,0.210212,0.150000,0.282786
passyds_x_wr1recyds,t2,0.2273,0.2655,1825,424,2010,2025,true,0.423725,0.293627,0.424334,0.50,Over,0.50,Over,0.322740,0.308542,0.335758,0.319746,0.250000,0.290959
passyds_x_wr1recyds,t2,0.2273,0.2655,1825,424,2010,2025,true,0.423725,0.293627,0.424334,0.50,Over,0.50,Under,0.176986,0.164111,0.191454,0.180254,0.250000,-0.292055
passyds_x_wr1recyds,t2,0.2273,0.2655,1825,424,2010,2025,true,0.423725,0.293627,0.424334,0.50,Under,0.50,Over,0.176986,0.164111,0.191454,0.180254,0.250000,-0.292055
passyds_x_wr1recyds,t2,0.2273,0.2655,1825,424,2010,2025,true,0.423725,0.293627,0.424334,0.50,Under,0.50,Under,0.323288,0.308554,0.336121,0.319746,0.250000,0.293151
passyds_x_wr1recyds,t2,0.2273,0.2655,1825,424,2010,2025,true,0.423725,0.293627,0.424334,0.50,Over,0.70,Over,0.414247,0.400996,0.422645,0.410212,0.350000,0.280395
passyds_x_wr1recyds,t2,0.2273,0.2655,1825,424,2010,2025,true,0.423725,0.293627,0.424334,0.50,Over,0.70,Under,0.280000,0.269816,0.290673,0.289788,0.350000,-0.305505
passyds_x_wr1recyds,t2,0.2273,0.2655,1825,424,2010,2025,true,0.423725,0.293627,0.424334,0.50,Under,0.70,Over,0.285479,0.277197,0.298947,0.289788,0.350000,-0.281591
passyds_x_wr1recyds,t2,0.2273,0.2655,1825,424,2010,2025,true,0.423725,0.293627,0.424334,0.50,Under,0.70,Under,0.420274,0.409160,0.430024,0.410212,0.350000,0.306701
passyds_x_wr1recyds,t2,0.2273,0.2655,1825,424,2010,2025,true,0.423725,0.293627,0.424334,0.70,Over,0.30,Over,0.260274,0.251483,0.267926,0.258763,0.210000,0.239400
passyds_x_wr1recyds,t2,0.2273,0.2655,1825,424,2010,2025,true,0.423725,0.293627,0.424334,0.70,Over,0.30,Under,0.153425,0.144719,0.164179,0.154491,0.210000,-0.269406
passyds_x_wr1recyds,t2,0.2273,0.2655,1825,424,2010,2025,true,0.423725,0.293627,0.424334,0.70,Under,0.30,Over,0.140822,0.128794,0.151978,0.154491,0.210000,-0.329419
passyds_x_wr1recyds,t2,0.2273,0.2655,1825,424,2010,2025,true,0.423725,0.293627,0.424334,0.70,Under,0.30,Under,0.259726,0.250994,0.266827,0.258763,0.210000,0.236791
passyds_x_wr1recyds,t2,0.2273,0.2655,1825,424,2010,2025,true,0.423725,0.293627,0.424334,0.70,Over,0.50,Over,0.408767,0.397786,0.419925,0.410212,0.350000,0.256481
passyds_x_wr1recyds,t2,0.2273,0.2655,1825,424,2010,2025,true,0.423725,0.293627,0.424334,0.70,Over,0.50,Under,0.290959,0.280200,0.302165,0.289788,0.350000,-0.257676
passyds_x_wr1recyds,t2,0.2273,0.2655,1825,424,2010,2025,true,0.423725,0.293627,0.424334,0.70,Under,0.50,Over,0.287123,0.276160,0.297300,0.289788,0.350000,-0.274416
passyds_x_wr1recyds,t2,0.2273,0.2655,1825,424,2010,2025,true,0.423725,0.293627,0.424334,0.70,Under,0.50,Under,0.413151,0.402658,0.423838,0.410212,0.350000,0.275612
passyds_x_wr1recyds,t2,0.2273,0.2655,1825,424,2010,2025,true,0.423725,0.293627,0.424334,0.70,Over,0.70,Over,0.546301,0.535841,0.555431,0.545509,0.490000,0.268102
passyds_x_wr1recyds,t2,0.2273,0.2655,1825,424,2010,2025,true,0.423725,0.293627,0.424334,0.70,Over,0.70,Under,0.439452,0.431975,0.448356,0.441237,0.490000,-0.240705
passyds_x_wr1recyds,t2,0.2273,0.2655,1825,424,2010,2025,true,0.423725,0.293627,0.424334,0.70,Under,0.70,Over,0.440548,0.433275,0.449063,0.441237,0.490000,-0.235486
passyds_x_wr1recyds,t2,0.2273,0.2655,1825,424,2010,2025,true,0.423725,0.293627,0.424334,0.70,Under,0.70,Under,0.559452,0.547929,0.571208,0.545509,0.490000,0.330724
passyds_x_wr1recyds,t3,0.2655,,1829,297,2010,2025,true,0.479338,0.334092,0.473779,0.30,Over,0.30,Over,0.156916,0.148875,0.167136,0.152796,0.090000,0.318649
passyds_x_wr1recyds,t3,0.2655,,1829,297,2010,2025,true,0.479338,0.334092,0.473779,0.30,Over,0.30,Under,0.034992,0.026725,0.042047,0.035892,0.090000,-0.261944
passyds_x_wr1recyds,t3,0.2655,,1829,297,2010,2025,true,0.479338,0.334092,0.473779,0.30,Under,0.30,Over,0.033898,0.025181,0.041612,0.035892,0.090000,-0.267151
passyds_x_wr1recyds,t3,0.2655,,1829,297,2010,2025,true,0.479338,0.334092,0.473779,0.30,Under,0.30,Under,0.155823,0.145824,0.166407,0.152796,0.090000,0.313442
passyds_x_wr1recyds,t3,0.2655,,1829,297,2010,2025,true,0.479338,0.334092,0.473779,0.30,Over,0.50,Over,0.223073,0.213522,0.232977,0.217626,0.150000,0.318915
passyds_x_wr1recyds,t3,0.2655,,1829,297,2010,2025,true,0.479338,0.334092,0.473779,0.30,Over,0.50,Under,0.077091,0.066990,0.086383,0.082374,0.150000,-0.318200
passyds_x_wr1recyds,t3,0.2655,,1829,297,2010,2025,true,0.479338,0.334092,0.473779,0.30,Under,0.50,Over,0.072171,0.063903,0.083290,0.082374,0.150000,-0.339675
passyds_x_wr1recyds,t3,0.2655,,1829,297,2010,2025,true,0.479338,0.334092,0.473779,0.30,Under,0.50,Under,0.227993,0.216653,0.236040,0.217626,0.150000,0.340391
passyds_x_wr1recyds,t3,0.2655,,1829,297,2010,2025,true,0.479338,0.334092,0.473779,0.30,Over,0.70,Over,0.265172,0.258106,0.273363,0.264108,0.210000,0.262725
passyds_x_wr1recyds,t3,0.2655,,1829,297,2010,2025,true,0.479338,0.334092,0.473779,0.30,Over,0.70,Under,0.143248,0.132830,0.151071,0.147204,0.210000,-0.317868
passyds_x_wr1recyds,t3,0.2655,,1829,297,2010,2025,true,0.479338,0.334092,0.473779,0.30,Under,0.70,Over,0.144341,0.133718,0.154140,0.147204,0.210000,-0.312661
passyds_x_wr1recyds,t3,0.2655,,1829,297,2010,2025,true,0.479338,0.334092,0.473779,0.30,Under,0.70,Under,0.266266,0.258227,0.274767,0.264108,0.210000,0.267932
passyds_x_wr1recyds,t3,0.2655,,1829,297,2010,2025,true,0.479338,0.334092,0.473779,0.50,Over,0.30,Over,0.226900,0.217473,0.238638,0.217626,0.150000,0.335619
passyds_x_wr1recyds,t3,0.2655,,1829,297,2010,2025,true,0.479338,0.334092,0.473779,0.50,Over,0.30,Under,0.078185,0.067758,0.089631,0.082374,0.150000,-0.313427
passyds_x_wr1recyds,t3,0.2655,,1829,297,2010,2025,true,0.479338,0.334092,0.473779,0.50,Under,0.30,Over,0.073264,0.061517,0.082529,0.082374,0.150000,-0.334903
passyds_x_wr1recyds,t3,0.2655,,1829,297,2010,2025,true,0.479338,0.334092,0.473779,0.50,Under,0.30,Under,0.221979,0.210270,0.232464,0.217626,0.150000,0.314143
passyds_x_wr1recyds,t3,0.2655,,1829,297,2010,2025,true,0.479338,0.334092,0.473779,0.50,Over,0.50,Over,0.339530,0.328638,0.350457,0.328555,0.250000,0.358119
passyds_x_wr1recyds,t3,0.2655,,1829,297,2010,2025,true,0.479338,0.334092,0.473779,0.50,Over,0.50,Under,0.160197,0.149281,0.171091,0.171445,0.250000,-0.359213
passyds_x_wr1recyds,t3,0.2655,,1829,297,2010,2025,true,0.479338,0.334092,0.473779,0.50,Under,0.50,Over,0.160197,0.149281,0.171091,0.171445,0.250000,-0.359213
passyds_x_wr1recyds,t3,0.2655,,1829,297,2010,2025,true,0.479338,0.334092,0.473779,0.50,Under,0.50,Under,0.340077,0.328932,0.350898,0.328555,0.250000,0.360306
passyds_x_wr1recyds,t3,0.2655,,1829,297,2010,2025,true,0.479338,0.334092,0.473779,0.50,Over,0.70,Over,0.421542,0.410369,0.432225,0.417626,0.350000,0.312234
passyds_x_wr1recyds,t3,0.2655,,1829,297,2010,2025,true,0.479338,0.334092,0.473779,0.50,Over,0.70,Under,0.272827,0.261094,0.282520,0.282374,0.350000,-0.336812
passyds_x_wr1recyds,t3,0.2655,,1829,297,2010,2025,true,0.479338,0.334092,0.473779,0.50,Under,0.70,Over,0.278294,0.267771,0.289730,0.282374,0.350000,-0.312950
passyds_x_wr1recyds,t3,0.2655,,1829,297,2010,2025,true,0.479338,0.334092,0.473779,0.50,Under,0.70,Under,0.427009,0.417478,0.438751,0.417626,0.350000,0.336096
passyds_x_wr1recyds,t3,0.2655,,1829,297,2010,2025,true,0.479338,0.334092,0.473779,0.70,Over,0.30,Over,0.266266,0.258227,0.274767,0.264108,0.210000,0.267932
passyds_x_wr1recyds,t3,0.2655,,1829,297,2010,2025,true,0.479338,0.334092,0.473779,0.70,Over,0.30,Under,0.144341,0.133718,0.154140,0.147204,0.210000,-0.312661
passyds_x_wr1recyds,t3,0.2655,,1829,297,2010,2025,true,0.479338,0.334092,0.473779,0.70,Under,0.30,Over,0.143248,0.132830,0.151071,0.147204,0.210000,-0.317868
passyds_x_wr1recyds,t3,0.2655,,1829,297,2010,2025,true,0.479338,0.334092,0.473779,0.70,Under,0.30,Under,0.265172,0.258120,0.273363,0.264108,0.210000,0.262725
passyds_x_wr1recyds,t3,0.2655,,1829,297,2010,2025,true,0.479338,0.334092,0.473779,0.70,Over,0.50,Over,0.427556,0.416567,0.435810,0.417626,0.350000,0.338482
passyds_x_wr1recyds,t3,0.2655,,1829,297,2010,2025,true,0.479338,0.334092,0.473779,0.70,Over,0.50,Under,0.272280,0.264245,0.283616,0.282374,0.350000,-0.339198
passyds_x_wr1recyds,t3,0.2655,,1829,297,2010,2025,true,0.479338,0.334092,0.473779,0.70,Under,0.50,Over,0.276654,0.266879,0.286198,0.282374,0.350000,-0.320109
passyds_x_wr1recyds,t3,0.2655,,1829,297,2010,2025,true,0.479338,0.334092,0.473779,0.70,Under,0.50,Under,0.423182,0.413906,0.433280,0.417626,0.350000,0.319393
passyds_x_wr1recyds,t3,0.2655,,1829,297,2010,2025,true,0.479338,0.334092,0.473779,0.70,Over,0.70,Over,0.555495,0.545739,0.566072,0.552796,0.490000,0.311880
passyds_x_wr1recyds,t3,0.2655,,1829,297,2010,2025,true,0.479338,0.334092,0.473779,0.70,Over,0.70,Under,0.433570,0.425272,0.441934,0.435892,0.490000,-0.268713
passyds_x_wr1recyds,t3,0.2655,,1829,297,2010,2025,true,0.479338,0.334092,0.473779,0.70,Under,0.70,Over,0.434664,0.426643,0.441945,0.435892,0.490000,-0.263506
passyds_x_wr1recyds,t3,0.2655,,1829,297,2010,2025,true,0.479338,0.334092,0.473779,0.70,Under,0.70,Under,0.556588,0.548981,0.567314,0.552796,0.490000,0.317087
rb1rush_x_qbpassunder,all,,,5241,466,2010,2025,true,-0.124320,-0.083568,-0.127702,0.30,Over,0.30,Over,0.069834,0.065252,0.075960,0.074814,0.090000,-0.096029
rb1rush_x_qbpassunder,all,,,5241,466,2010,2025,true,-0.124320,-0.083568,-0.127702,0.30,Over,0.30,Under,0.104369,0.098684,0.110232,0.105734,0.090000,0.068426
rb1rush_x_qbpassunder,all,,,5241,466,2010,2025,true,-0.124320,-0.083568,-0.127702,0.30,Under,0.30,Over,0.109903,0.102900,0.116229,0.105734,0.090000,0.094775
rb1rush_x_qbpassunder,all,,,5241,466,2010,2025,true,-0.124320,-0.083568,-0.127702,0.30,Under,0.30,Under,0.079565,0.074327,0.085541,0.074814,0.090000,-0.049691
rb1rush_x_qbpassunder,all,,,5241,466,2010,2025,true,-0.124320,-0.083568,-0.127702,0.30,Over,0.50,Over,0.129555,0.123622,0.135763,0.132251,0.150000,-0.089227
rb1rush_x_qbpassunder,all,,,5241,466,2010,2025,true,-0.124320,-0.083568,-0.127702,0.30,Over,0.50,Under,0.170387,0.164181,0.176289,0.167749,0.150000,0.088978
rb1rush_x_qbpassunder,all,,,5241,466,2010,2025,true,-0.124320,-0.083568,-0.127702,0.30,Under,0.50,Over,0.165045,0.159037,0.171900,0.167749,0.150000,0.065661
rb1rush_x_qbpassunder,all,,,5241,466,2010,2025,true,-0.124320,-0.083568,-0.127702,0.30,Under,0.50,Under,0.134898,0.128145,0.141035,0.132251,0.150000,-0.065911
rb1rush_x_qbpassunder,all,,,5241,466,2010,2025,true,-0.124320,-0.083568,-0.127702,0.30,Over,0.70,Over,0.195573,0.189676,0.201371,0.194266,0.210000,-0.068698
rb1rush_x_qbpassunder,all,,,5241,466,2010,2025,true,-0.124320,-0.083568,-0.127702,0.30,Over,0.70,Under,0.230109,0.224021,0.234712,0.225186,0.210000,0.095756
rb1rush_x_qbpassunder,all,,,5241,466,2010,2025,true,-0.124320,-0.083568,-0.127702,0.30,Under,0.70,Over,0.220378,0.214422,0.225671,0.225186,0.210000,0.049418
rb1rush_x_qbpassunder,all,,,5241,466,2010,2025,true,-0.124320,-0.083568,-0.127702,0.30,Under,0.70,Under,0.190040,0.183845,0.197139,0.194266,0.210000,-0.095047
rb1rush_x_qbpassunder,all,,,5241,466,2010,2025,true,-0.124320,-0.083568,-0.127702,0.50,Over,0.30,Over,0.128029,0.121791,0.134479,0.132251,0.150000,-0.095889
rb1rush_x_qbpassunder,all,,,5241,466,2010,2025,true,-0.124320,-0.083568,-0.127702,0.50,Over,0.30,Under,0.163709,0.157468,0.169313,0.167749,0.150000,0.059832
rb1rush_x_qbpassunder,all,,,5241,466,2010,2025,true,-0.124320,-0.083568,-0.127702,0.50,Under,0.30,Over,0.171914,0.165469,0.178226,0.167749,0.150000,0.095639
rb1rush_x_qbpassunder,all,,,5241,466,2010,2025,true,-0.124320,-0.083568,-0.127702,0.50,Under,0.30,Under,0.136234,0.130708,0.142562,0.132251,0.150000,-0.060082
rb1rush_x_qbpassunder,all,,,5241,466,2010,2025,true,-0.124320,-0.083568,-0.127702,0.50,Over,0.50,Over,0.230300,0.224403,0.237520,0.229620,0.250000,-0.078802
rb1rush_x_qbpassunder,all,,,5241,466,2010,2025,true,-0.124320,-0.083568,-0.127702,0.50,Over,0.50,Under,0.269605,0.262480,0.275564,0.270380,0.250000,0.078420
rb1rush_x_qbpassunder,all,,,5241,466,2010,2025,true,-0.124320,-0.083568,-0.127702,0.50,Under,0.50,Over,0.269605,0.262480,0.275564,0.270380,0.250000,0.078420
rb1rush_x_qbpassunder,all,,,5241,466,2010,2025,true,-0.124320,-0.083568,-0.127702,0.50,Under,0.50,Under,0.230490,0.224499,0.237520,0.229620,0.250000,-0.078039
rb1rush_x_qbpassunder,all,,,5241,466,2010,2025,true,-0.124320,-0.083568,-0.127702,0.50,Over,0.70,Over,0.336195,0.330590,0.342486,0.332251,0.350000,-0.060248
rb1rush_x_qbpassunder,all,,,5241,466,2010,2025,true,-0.124320,-0.083568,-0.127702,0.50,Over,0.70,Under,0.371876,0.365430,0.378114,0.367749,0.350000,0.095473
rb1rush_x_qbpassunder,all,,,5241,466,2010,2025,true,-0.124320,-0.083568,-0.127702,0.50,Under,0.70,Over,0.363862,0.357495,0.369389,0.367749,0.350000,0.060498
rb1rush_x_qbpassunder,all,,,5241,466,2010,2025,true,-0.124320,-0.083568,-0.127702,0.50,Under,0.70,Under,0.328182,0.321867,0.334531,0.332251,0.350000,-0.095223
rb1rush_x_qbpassunder,all,,,5241,466,2010,2025,true,-0.124320,-0.083568,-0.127702,0.70,Over,0.30,Over,0.190040,0.183845,0.197134,0.194266,0.210000,-0.095047
rb1rush_x_qbpassunder,all,,,5241,466,2010,2025,true,-0.124320,-0.083568,-0.127702,0.70,Over,0.30,Under,0.220378,0.214422,0.225671,0.225186,0.210000,0.049418
rb1rush_x_qbpassunder,all,,,5241,466,2010,2025,true,-0.124320,-0.083568,-0.127702,0.70,Under,0.30,Over,0.230109,0.224021,0.234712,0.225186,0.210000,0.095756
rb1rush_x_qbpassunder,all,,,5241,466,2010,2025,true,-0.124320,-0.083568,-0.127702,0.70,Under,0.30,Under,0.195573,0.189856,0.201371,0.194266,0.210000,-0.068698
rb1rush_x_qbpassunder,all,,,5241,466,2010,2025,true,-0.124320,-0.083568,-0.127702,0.70,Over,0.50,Over,0.334860,0.328100,0.340963,0.332251,0.350000,-0.066077
rb1rush_x_qbpassunder,all,,,5241,466,2010,2025,true,-0.124320,-0.083568,-0.127702,0.70,Over,0.50,Under,0.365197,0.359056,0.371867,0.367749,0.350000,0.066327
rb1rush_x_qbpassunder,all,,,5241,466,2010,2025,true,-0.124320,-0.083568,-0.127702,0.70,Under,0.50,Over,0.370349,0.364234,0.376285,0.367749,0.350000,0.088811
rb1rush_x_qbpassunder,all,,,5241,466,2010,2025,true,-0.124320,-0.083568,-0.127702,0.70,Under,0.50,Under,0.329708,0.323805,0.335821,0.332251,0.350000,-0.088561
rb1rush_x_qbpassunder,all,,,5241,466,2010,2025,true,-0.124320,-0.083568,-0.127702,0.70,Over,0.70,Over,0.479679,0.474346,0.485573,0.474814,0.490000,-0.049145
rb1rush_x_qbpassunder,all,,,5241,466,2010,2025,true,-0.124320,-0.083568,-0.127702,0.70,Over,0.70,Under,0.510017,0.502826,0.516099,0.505734,0.490000,0.095320
rb1rush_x_qbpassunder,all,,,5241,466,2010,2025,true,-0.124320,-0.083568,-0.127702,0.70,Under,0.70,Over,0.504484,0.498574,0.510236,0.505734,0.490000,0.068971
rb1rush_x_qbpassunder,all,,,5241,466,2010,2025,true,-0.124320,-0.083568,-0.127702,0.70,Under,0.70,Under,0.469948,0.465287,0.475998,0.474814,0.490000,-0.095483
rb1rush_x_qbpassunder,dog3+,,-3.0000,1785,412,2010,2025,true,-0.067914,-0.045271,-0.077979,0.30,Over,0.30,Over,0.073389,0.064273,0.082415,0.080670,0.090000,-0.079098
rb1rush_x_qbpassunder,dog3+,,-3.0000,1785,412,2010,2025,true,-0.067914,-0.045271,-0.077979,0.30,Over,0.30,Under,0.095798,0.085613,0.104000,0.099533,0.090000,0.027611
rb1rush_x_qbpassunder,dog3+,,-3.0000,1785,412,2010,2025,true,-0.067914,-0.045271,-0.077979,0.30,Under,0.30,Over,0.107003,0.097516,0.115617,0.099533,0.090000,0.080966
rb1rush_x_qbpassunder,dog3+,,-3.0000,1785,412,2010,2025,true,-0.067914,-0.045271,-0.077979,0.30,Under,0.30,Under,0.088515,0.078677,0.099626,0.080670,0.090000,-0.007069
rb1rush_x_qbpassunder,dog3+,,-3.0000,1785,412,2010,2025,true,-0.067914,-0.045271,-0.077979,0.30,Over,0.50,Over,0.141737,0.132525,0.152420,0.139176,0.150000,-0.036064
rb1rush_x_qbpassunder,dog3+,,-3.0000,1785,412,2010,2025,true,-0.067914,-0.045271,-0.077979,0.30,Over,0.50,Under,0.157983,0.147391,0.167552,0.160824,0.150000,0.034842
rb1rush_x_qbpassunder,dog3+,,-3.0000,1785,412,2010,2025,true,-0.067914,-0.045271,-0.077979,0.30,Under,0.50,Over,0.161345,0.149521,0.171912,0.160824,0.150000,0.049512
rb1rush_x_qbpassunder,dog3+,,-3.0000,1785,412,2010,2025,true,-0.067914,-0.045271,-0.077979,0.30,Under,0.50,Under,0.138936,0.128200,0.150647,0.139176,0.150000,-0.048289
rb1rush_x_qbpassunder,dog3+,,-3.0000,1785,412,2010,2025,true,-0.067914,-0.045271,-0.077979,0.30,Over,0.70,Over,0.203922,0.195948,0.214476,0.200467,0.210000,-0.028945
rb1rush_x_qbpassunder,dog3+,,-3.0000,1785,412,2010,2025,true,-0.067914,-0.045271,-0.077979,0.30,Over,0.70,Under,0.226331,0.217630,0.235580,0.219330,0.210000,0.077764
rb1rush_x_qbpassunder,dog3+,,-3.0000,1785,412,2010,2025,true,-0.067914,-0.045271,-0.077979,0.30,Under,0.70,Over,0.211765,0.200216,0.221211,0.219330,0.210000,0.008403
rb1rush_x_qbpassunder,dog3+,,-3.0000,1785,412,2010,2025,true,-0.067914,-0.045271,-0.077979,0.30,Under,0.70,Under,0.193277,0.184574,0.202425,0.200467,0.210000,-0.079632
rb1rush_x_qbpassunder,dog3+,,-3.0000,1785,412,2010,2025,true,-0.067914,-0.045271,-0.077979,0.50,Over,0.30,Over,0.130532,0.122955,0.142631,0.139176,0.150000,-0.084964
rb1rush_x_qbpassunder,dog3+,,-3.0000,1785,412,2010,2025,true,-0.067914,-0.045271,-0.077979,0.50,Over,0.30,Under,0.153501,0.142763,0.163365,0.160824,0.150000,0.015281
rb1rush_x_qbpassunder,dog3+,,-3.0000,1785,412,2010,2025,true,-0.067914,-0.045271,-0.077979,0.50,Under,0.30,Over,0.169188,0.157264,0.177102,0.160824,0.150000,0.083742
rb1rush_x_qbpassunder,dog3+,,-3.0000,1785,412,2010,2025,true,-0.067914,-0.045271,-0.077979,0.50,Under,0.30,Under,0.146779,0.136580,0.157299,0.139176,0.150000,-0.014059
rb1rush_x_qbpassunder,dog3+,,-3.0000,1785,412,2010,2025,true,-0.067914,-0.045271,-0.077979,0.50,Over,0.50,Over,0.238655,0.227948,0.250146,0.237577,0.250000,-0.045378
rb1rush_x_qbpassunder,dog3+,,-3.0000,1785,412,2010,2025,true,-0.067914,-0.045271,-0.077979,0.50,Over,0.50,Under,0.261064,0.249724,0.272051,0.262423,0.250000,0.044258
rb1rush_x_qbpassunder,dog3+,,-3.0000,1785,412,2010,2025,true,-0.067914,-0.045271,-0.077979,0.50,Under,0.50,Over,0.261064,0.249724,0.272051,0.262423,0.250000,0.044258
rb1rush_x_qbpassunder,dog3+,,-3.0000,1785,412,2010,2025,true,-0.067914,-0.045271,-0.077979,0.50,Under,0.50,Under,0.239216,0.228090,0.250301,0.237577,0.250000,-0.043137
rb1rush_x_qbpassunder,dog3+,,-3.0000,1785,412,2010,2025,true,-0.067914,-0.045271,-0.077979,0.50,Over,0.70,Over,0.346218,0.336577,0.357070,0.339176,0.350000,-0.016504
rb1rush_x_qbpassunder,dog3+,,-3.0000,1785,412,2010,2025,true,-0.067914,-0.045271,-0.077979,0.50,Over,0.70,Under,0.369188,0.357259,0.376764,0.360824,0.350000,0.083742
rb1rush_x_qbpassunder,dog3+,,-3.0000,1785,412,2010,2025,true,-0.067914,-0.045271,-0.077979,0.50,Under,0.70,Over,0.353501,0.342708,0.363536,0.360824,0.350000,0.015281
rb1rush_x_qbpassunder,dog3+,,-3.0000,1785,412,2010,2025,true,-0.067914,-0.045271,-0.077979,0.50,Under,0.70,Under,0.331092,0.323180,0.342795,0.339176,0.350000,-0.082519
rb1rush_x_qbpassunder,dog3+,,-3.0000,1785,412,2010,2025,true,-0.067914,-0.045271,-0.077979,0.70,Over,0.30,Over,0.192717,0.184109,0.202348,0.200467,0.210000,-0.082300
rb1rush_x_qbpassunder,dog3+,,-3.0000,1785,412,2010,2025,true,-0.067914,-0.045271,-0.077979,0.70,Over,0.30,Under,0.211765,0.200216,0.221211,0.219330,0.210000,0.008403
rb1rush_x_qbpassunder,dog3+,,-3.0000,1785,412,2010,2025,true,-0.067914,-0.045271,-0.077979,0.70,Under,0.30,Over,0.226331,0.217630,0.235580,0.219330,0.210000,0.077764
rb1rush_x_qbpassunder,dog3+,,-3.0000,1785,412,2010,2025,true,-0.067914,-0.045271,-0.077979,0.70,Under,0.30,Under,0.204482,0.195948,0.214476,0.200467,0.210000,-0.026277
rb1rush_x_qbpassunder,dog3+,,-3.0000,1785,412,2010,2025,true,-0.067914,-0.045271,-0.077979,0.70,Over,0.50,Over,0.338375,0.328081,0.350387,0.339176,0.350000,-0.050734
rb1rush_x_qbpassunder,dog3+,,-3.0000,1785,412,2010,2025,true,-0.067914,-0.045271,-0.077979,0.70,Over,0.50,Under,0.361345,0.349630,0.371807,0.360824,0.350000,0.049512
rb1rush_x_qbpassunder,dog3+,,-3.0000,1785,412,2010,2025,true,-0.067914,-0.045271,-0.077979,0.70,Under,0.50,Over,0.357983,0.347580,0.367472,0.360824,0.350000,0.034842
rb1rush_x_qbpassunder,dog3+,,-3.0000,1785,412,2010,2025,true,-0.067914,-0.045271,-0.077979,0.70,Under,0.50,Under,0.342297,0.332560,0.352609,0.339176,0.350000,-0.033619
rb1rush_x_qbpassunder,dog3+,,-3.0000,1785,412,2010,2025,true,-0.067914,-0.045271,-0.077979,0.70,Over,0.70,Over,0.487955,0.478757,0.500000,0.480670,0.490000,-0.009737
rb1rush_x_qbpassunder,dog3+,,-3.0000,1785,412,2010,2025,true,-0.067914,-0.045271,-0.077979,0.70,Over,0.70,Under,0.507003,0.497493,0.515617,0.499533,0.490000,0.080966
rb1rush_x_qbpassunder,dog3+,,-3.0000,1785,412,2010,2025,true,-0.067914,-0.045271,-0.077979,0.70,Under,0.70,Over,0.495798,0.485569,0.504049,0.499533,0.490000,0.027611
rb1rush_x_qbpassunder,dog3+,,-3.0000,1785,412,2010,2025,true,-0.067914,-0.045271,-0.077979,0.70,Under,0.70,Under,0.473950,0.464194,0.482207,0.480670,0.490000,-0.076431
rb1rush_x_qbpassunder,fav3+,3.0000,,2242,423,2010,2025,true,-0.154857,-0.104937,-0.148895,0.30,Over,0.30,Over,0.067351,0.058954,0.075707,0.072339,0.090000,-0.107854
rb1rush_x_qbpassunder,fav3+,3.0000,,2242,423,2010,2025,true,-0.154857,-0.104937,-0.148895,0.30,Over,0.30,Under,0.109277,0.099537,0.119695,0.108409,0.090000,0.091797
rb1rush_x_qbpassunder,fav3+,3.0000,,2242,423,2010,2025,true,-0.154857,-0.104937,-0.148895,0.30,Under,0.30,Over,0.113738,0.103671,0.122459,0.108409,0.090000,0.113037
rb1rush_x_qbpassunder,fav3+,3.0000,,2242,423,2010,2025,true,-0.154857,-0.104937,-0.148895,0.30,Under,0.30,Under,0.074487,0.066140,0.083455,0.072339,0.090000,-0.073871
rb1rush_x_qbpassunder,fav3+,3.0000,,2242,423,2010,2025,true,-0.154857,-0.104937,-0.148895,0.30,Over,0.50,Over,0.118644,0.108636,0.127420,0.129291,0.150000,-0.136849
rb1rush_x_qbpassunder,fav3+,3.0000,,2242,423,2010,2025,true,-0.154857,-0.104937,-0.148895,0.30,Over,0.50,Under,0.181534,0.172520,0.191320,0.170709,0.150000,0.137627
rb1rush_x_qbpassunder,fav3+,3.0000,,2242,423,2010,2025,true,-0.154857,-0.104937,-0.148895,0.30,Under,0.50,Over,0.169492,0.159864,0.180858,0.170709,0.150000,0.085068
rb1rush_x_qbpassunder,fav3+,3.0000,,2242,423,2010,2025,true,-0.154857,-0.104937,-0.148895,0.30,Under,0.50,Under,0.130687,0.119327,0.140100,0.129291,0.150000,-0.084289
rb1rush_x_qbpassunder,fav3+,3.0000,,2242,423,2010,2025,true,-0.154857,-0.104937,-0.148895,0.30,Over,0.70,Over,0.190901,0.180214,0.200461,0.191591,0.210000,-0.090948
rb1rush_x_qbpassunder,fav3+,3.0000,,2242,423,2010,2025,true,-0.154857,-0.104937,-0.148895,0.30,Over,0.70,Under,0.232828,0.224379,0.240829,0.227661,0.210000,0.108704
rb1rush_x_qbpassunder,fav3+,3.0000,,2242,423,2010,2025,true,-0.154857,-0.104937,-0.148895,0.30,Under,0.70,Over,0.225691,0.216508,0.233826,0.227661,0.210000,0.074721
rb1rush_x_qbpassunder,fav3+,3.0000,,2242,423,2010,2025,true,-0.154857,-0.104937,-0.148895,0.30,Under,0.70,Under,0.186441,0.177586,0.196198,0.191591,0.210000,-0.112187
rb1rush_x_qbpassunder,fav3+,3.0000,,2242,423,2010,2025,true,-0.154857,-0.104937,-0.148895,0.50,Over,0.30,Over,0.123550,0.115297,0.133688,0.129291,0.150000,-0.115436
rb1rush_x_qbpassunder,fav3+,3.0000,,2242,423,2010,2025,true,-0.154857,-0.104937,-0.148895,0.50,Over,0.30,Under,0.168599,0.158730,0.177682,0.170709,0.150000,0.081175
rb1rush_x_qbpassunder,fav3+,3.0000,,2242,423,2010,2025,true,-0.154857,-0.104937,-0.148895,0.50,Under,0.30,Over,0.176628,0.166445,0.184527,0.170709,0.150000,0.116214
rb1rush_x_qbpassunder,fav3+,3.0000,,2242,423,2010,2025,true,-0.154857,-0.104937,-0.148895,0.50,Under,0.30,Under,0.131579,0.122320,0.141383,0.129291,0.150000,-0.080396
rb1rush_x_qbpassunder,fav3+,3.0000,,2242,423,2010,2025,true,-0.154857,-0.104937,-0.148895,0.50,Over,0.50,Over,0.224353,0.214931,0.234254,0.226214,0.250000,-0.102587
rb1rush_x_qbpassunder,fav3+,3.0000,,2242,423,2010,2025,true,-0.154857,-0.104937,-0.148895,0.50,Over,0.50,Under,0.275647,0.265599,0.285039,0.273786,0.250000,0.102587
rb1rush_x_qbpassunder,fav3+,3.0000,,2242,423,2010,2025,true,-0.154857,-0.104937,-0.148895,0.50,Under,0.50,Over,0.275647,0.265599,0.285039,0.273786,0.250000,0.102587
rb1rush_x_qbpassunder,fav3+,3.0000,,2242,423,2010,2025,true,-0.154857,-0.104937,-0.148895,0.50,Under,0.50,Under,0.224353,0.215162,0.234598,0.226214,0.250000,-0.102587
rb1rush_x_qbpassunder,fav3+,3.0000,,2242,423,2010,2025,true,-0.154857,-0.104937,-0.148895,0.50,Over,0.70,Over,0.331401,0.322180,0.341053,0.329291,0.350000,-0.081175
rb1rush_x_qbpassunder,fav3+,3.0000,,2242,423,2010,2025,true,-0.154857,-0.104937,-0.148895,0.50,Over,0.70,Under,0.376450,0.366182,0.384482,0.370709,0.350000,0.115436
rb1rush_x_qbpassunder,fav3+,3.0000,,2242,423,2010,2025,true,-0.154857,-0.104937,-0.148895,0.50,Under,0.70,Over,0.368421,0.358821,0.377738,0.370709,0.350000,0.080396
rb1rush_x_qbpassunder,fav3+,3.0000,,2242,423,2010,2025,true,-0.154857,-0.104937,-0.148895,0.50,Under,0.70,Under,0.323372,0.315479,0.333638,0.329291,0.350000,-0.116214
rb1rush_x_qbpassunder,fav3+,3.0000,,2242,423,2010,2025,true,-0.154857,-0.104937,-0.148895,0.70,Over,0.30,Over,0.186441,0.177586,0.196198,0.191591,0.210000,-0.112187
rb1rush_x_qbpassunder,fav3+,3.0000,,2242,423,2010,2025,true,-0.154857,-0.104937,-0.148895,0.70,Over,0.30,Under,0.225691,0.216508,0.233826,0.227661,0.210000,0.074721
rb1rush_x_qbpassunder,fav3+,3.0000,,2242,423,2010,2025,true,-0.154857,-0.104937,-0.148895,0.70,Under,0.30,Over,0.232828,0.224379,0.240829,0.227661,0.210000,0.108704
rb1rush_x_qbpassunder,fav3+,3.0000,,2242,423,2010,2025,true,-0.154857,-0.104937,-0.148895,0.70,Under,0.30,Under,0.190901,0.180214,0.200468,0.191591,0.210000,-0.090948
rb1rush_x_qbpassunder,fav3+,3.0000,,2242,423,2010,2025,true,-0.154857,-0.104937,-0.148895,0.70,Over,0.50,Over,0.330508,0.319142,0.340058,0.329291,0.350000,-0.085068
rb1rush_x_qbpassunder,fav3+,3.0000,,2242,423,2010,2025,true,-0.154857,-0.104937,-0.148895,0.70,Over,0.50,Under,0.369313,0.359943,0.380673,0.370709,0.350000,0.084289
rb1rush_x_qbpassunder,fav3+,3.0000,,2242,423,2010,2025,true,-0.154857,-0.104937,-0.148895,0.70,Under,0.50,Over,0.381356,0.372575,0.391281,0.370709,0.350000,0.136849
rb1rush_x_qbpassunder,fav3+,3.0000,,2242,423,2010,2025,true,-0.154857,-0.104937,-0.148895,0.70,Under,0.50,Under,0.318466,0.308809,0.327512,0.329291,0.350000,-0.137627
rb1rush_x_qbpassunder,fav3+,3.0000,,2242,423,2010,2025,true,-0.154857,-0.104937,-0.148895,0.70,Over,0.70,Over,0.474130,0.466303,0.483452,0.472339,0.490000,-0.075570
rb1rush_x_qbpassunder,fav3+,3.0000,,2242,423,2010,2025,true,-0.154857,-0.104937,-0.148895,0.70,Over,0.70,Under,0.513381,0.503775,0.522386,0.508409,0.490000,0.111338
rb1rush_x_qbpassunder,fav3+,3.0000,,2242,423,2010,2025,true,-0.154857,-0.104937,-0.148895,0.70,Under,0.70,Over,0.508921,0.499546,0.519878,0.508409,0.490000,0.090098
rb1rush_x_qbpassunder,fav3+,3.0000,,2242,423,2010,2025,true,-0.154857,-0.104937,-0.148895,0.70,Under,0.70,Under,0.466994,0.459174,0.475605,0.472339,0.490000,-0.109554
rb1rush_x_qbpassunder,within3,-3.0000,3.0000,1214,422,2010,2025,true,-0.158435,-0.105384,-0.168913,0.30,Over,0.30,Over,0.069193,0.057997,0.079423,0.070012,0.090000,-0.099082
rb1rush_x_qbpassunder,within3,-3.0000,3.0000,1214,422,2010,2025,true,-0.158435,-0.105384,-0.168913,0.30,Over,0.30,Under,0.110379,0.095078,0.122963,0.110954,0.090000,0.097042
rb1rush_x_qbpassunder,within3,-3.0000,3.0000,1214,422,2010,2025,true,-0.158435,-0.105384,-0.168913,0.30,Under,0.30,Over,0.104613,0.093801,0.118223,0.110954,0.090000,0.069585
rb1rush_x_qbpassunder,within3,-3.0000,3.0000,1214,422,2010,2025,true,-0.158435,-0.105384,-0.168913,0.30,Under,0.30,Under,0.068369,0.057549,0.080294,0.070012,0.090000,-0.103005
rb1rush_x_qbpassunder,within3,-3.0000,3.0000,1214,422,2010,2025,true,-0.158435,-0.105384,-0.168913,0.30,Over,0.50,Over,0.128501,0.116828,0.142977,0.126489,0.150000,-0.093830
rb1rush_x_qbpassunder,within3,-3.0000,3.0000,1214,422,2010,2025,true,-0.158435,-0.105384,-0.168913,0.30,Over,0.50,Under,0.171334,0.156936,0.182929,0.173511,0.150000,0.093111
rb1rush_x_qbpassunder,within3,-3.0000,3.0000,1214,422,2010,2025,true,-0.158435,-0.105384,-0.168913,0.30,Under,0.50,Over,0.168040,0.157635,0.181981,0.173511,0.150000,0.078731
rb1rush_x_qbpassunder,within3,-3.0000,3.0000,1214,422,2010,2025,true,-0.158435,-0.105384,-0.168913,0.30,Under,0.50,Under,0.131796,0.118129,0.142403,0.126489,0.150000,-0.079450
rb1rush_x_qbpassunder,within3,-3.0000,3.0000,1214,422,2010,2025,true,-0.158435,-0.105384,-0.168913,0.30,Over,0.70,Over,0.189456,0.177037,0.204689,0.189046,0.210000,-0.097827
rb1rush_x_qbpassunder,within3,-3.0000,3.0000,1214,422,2010,2025,true,-0.158435,-0.105384,-0.168913,0.30,Over,0.70,Under,0.230643,0.220636,0.242212,0.229988,0.210000,0.098298
rb1rush_x_qbpassunder,within3,-3.0000,3.0000,1214,422,2010,2025,true,-0.158435,-0.105384,-0.168913,0.30,Under,0.70,Over,0.231466,0.219856,0.242371,0.229988,0.210000,0.102220
rb1rush_x_qbpassunder,within3,-3.0000,3.0000,1214,422,2010,2025,true,-0.158435,-0.105384,-0.168913,0.30,Under,0.70,Under,0.195222,0.181814,0.206132,0.189046,0.210000,-0.070369
rb1rush_x_qbpassunder,within3,-3.0000,3.0000,1214,422,2010,2025,true,-0.158435,-0.105384,-0.168913,0.50,Over,0.30,Over,0.128501,0.115607,0.138266,0.126489,0.150000,-0.093830
rb1rush_x_qbpassunder,within3,-3.0000,3.0000,1214,422,2010,2025,true,-0.158435,-0.105384,-0.168913,0.50,Over,0.30,Under,0.177100,0.163028,0.189309,0.173511,0.150000,0.118276
rb1rush_x_qbpassunder,within3,-3.0000,3.0000,1214,422,2010,2025,true,-0.158435,-0.105384,-0.168913,0.50,Under,0.30,Over,0.171334,0.161575,0.184460,0.173511,0.150000,0.093111
rb1rush_x_qbpassunder,within3,-3.0000,3.0000,1214,422,2010,2025,true,-0.158435,-0.105384,-0.168913,0.50,Under,0.30,Under,0.122735,0.110650,0.137217,0.126489,0.150000,-0.118995
rb1rush_x_qbpassunder,within3,-3.0000,3.0000,1214,422,2010,2025,true,-0.158435,-0.105384,-0.168913,0.50,Over,0.50,Over,0.224876,0.211647,0.238894,0.222987,0.250000,-0.100494
rb1rush_x_qbpassunder,within3,-3.0000,3.0000,1214,422,2010,2025,true,-0.158435,-0.105384,-0.168913,0.50,Over,0.50,Under,0.275124,0.260687,0.287935,0.277013,0.250000,0.100494
rb1rush_x_qbpassunder,within3,-3.0000,3.0000,1214,422,2010,2025,true,-0.158435,-0.105384,-0.168913,0.50,Under,0.50,Over,0.275124,0.260687,0.287935,0.277013,0.250000,0.100494
rb1rush_x_qbpassunder,within3,-3.0000,3.0000,1214,422,2010,2025,true,-0.158435,-0.105384,-0.168913,0.50,Under,0.50,Under,0.224876,0.212328,0.239732,0.222987,0.250000,-0.100494
rb1rush_x_qbpassunder,within3,-3.0000,3.0000,1214,422,2010,2025,true,-0.158435,-0.105384,-0.168913,0.50,Over,0.70,Over,0.322900,0.310486,0.336579,0.326489,0.350000,-0.118276
rb1rush_x_qbpassunder,within3,-3.0000,3.0000,1214,422,2010,2025,true,-0.158435,-0.105384,-0.168913,0.50,Over,0.70,Under,0.371499,0.361576,0.384383,0.373511,0.350000,0.093830
rb1rush_x_qbpassunder,within3,-3.0000,3.0000,1214,422,2010,2025,true,-0.158435,-0.105384,-0.168913,0.50,Under,0.70,Over,0.377265,0.363177,0.389547,0.373511,0.350000,0.118995
rb1rush_x_qbpassunder,within3,-3.0000,3.0000,1214,422,2010,2025,true,-0.158435,-0.105384,-0.168913,0.50,Under,0.70,Under,0.328666,0.315624,0.338430,0.326489,0.350000,-0.093111
rb1rush_x_qbpassunder,within3,-3.0000,3.0000,1214,422,2010,2025,true,-0.158435,-0.105384,-0.168913,0.70,Over,0.30,Over,0.195222,0.181662,0.206132,0.189046,0.210000,-0.070369
rb1rush_x_qbpassunder,within3,-3.0000,3.0000,1214,422,2010,2025,true,-0.158435,-0.105384,-0.168913,0.70,Over,0.30,Under,0.231466,0.219856,0.242371,0.229988,0.210000,0.102220
rb1rush_x_qbpassunder,within3,-3.0000,3.0000,1214,422,2010,2025,true,-0.158435,-0.105384,-0.168913,0.70,Under,0.30,Over,0.230643,0.220636,0.242212,0.229988,0.210000,0.098298
rb1rush_x_qbpassunder,within3,-3.0000,3.0000,1214,422,2010,2025,true,-0.158435,-0.105384,-0.168913,0.70,Under,0.30,Under,0.189456,0.177037,0.204689,0.189046,0.210000,-0.097827
rb1rush_x_qbpassunder,within3,-3.0000,3.0000,1214,422,2010,2025,true,-0.158435,-0.105384,-0.168913,0.70,Over,0.50,Over,0.331960,0.317805,0.342365,0.326489,0.350000,-0.078731
rb1rush_x_qbpassunder,within3,-3.0000,3.0000,1214,422,2010,2025,true,-0.158435,-0.105384,-0.168913,0.70,Over,0.50,Under,0.368204,0.357720,0.382282,0.373511,0.350000,0.079450
rb1rush_x_qbpassunder,within3,-3.0000,3.0000,1214,422,2010,2025,true,-0.158435,-0.105384,-0.168913,0.70,Under,0.50,Over,0.371499,0.356908,0.382933,0.373511,0.350000,0.093830
rb1rush_x_qbpassunder,within3,-3.0000,3.0000,1214,422,2010,2025,true,-0.158435,-0.105384,-0.168913,0.70,Under,0.50,Under,0.328666,0.317071,0.343403,0.326489,0.350000,-0.093111
rb1rush_x_qbpassunder,within3,-3.0000,3.0000,1214,422,2010,2025,true,-0.158435,-0.105384,-0.168913,0.70,Over,0.70,Over,0.468699,0.457409,0.479911,0.470012,0.490000,-0.101436
rb1rush_x_qbpassunder,within3,-3.0000,3.0000,1214,422,2010,2025,true,-0.158435,-0.105384,-0.168913,0.70,Over,0.70,Under,0.504942,0.493846,0.518228,0.510954,0.490000,0.071154
rb1rush_x_qbpassunder,within3,-3.0000,3.0000,1214,422,2010,2025,true,-0.158435,-0.105384,-0.168913,0.70,Under,0.70,Over,0.510708,0.495526,0.522963,0.510954,0.490000,0.098611
rb1rush_x_qbpassunder,within3,-3.0000,3.0000,1214,422,2010,2025,true,-0.158435,-0.105384,-0.168913,0.70,Under,0.70,Under,0.469522,0.457931,0.479094,0.470012,0.490000,-0.097513
bothqb_passyds,all,,,2250,415,2010,2025,true,0.093051,0.061109,0.088694,0.30,Over,0.30,Over,0.107111,0.095821,0.114275,0.100861,0.090000,0.081481
bothqb_passyds,all,,,2250,415,2010,2025,true,0.093051,0.061109,0.088694,0.30,Over,0.30,Under,0.073333,0.066166,0.083032,0.079402,0.090000,-0.079365
bothqb_passyds,all,,,2250,415,2010,2025,true,0.093051,0.061109,0.088694,0.30,Under,0.30,Over,0.071556,0.063949,0.081199,0.079402,0.090000,-0.087831
bothqb_passyds,all,,,2250,415,2010,2025,true,0.093051,0.061109,0.088694,0.30,Under,0.30,Under,0.097778,0.088141,0.106133,0.100861,0.090000,0.037037
bothqb_passyds,all,,,2250,415,2010,2025,true,0.093051,0.061109,0.088694,0.30,Over,0.50,Over,0.170667,0.159997,0.179317,0.162314,0.150000,0.090197
bothqb_passyds,all,,,2250,415,2010,2025,true,0.093051,0.061109,0.088694,0.30,Over,0.50,Under,0.129333,0.120712,0.140006,0.137686,0.150000,-0.090197
bothqb_passyds,all,,,2250,415,2010,2025,true,0.093051,0.061109,0.088694,0.30,Under,0.50,Over,0.136444,0.129061,0.146337,0.137686,0.150000,-0.059161
bothqb_passyds,all,,,2250,415,2010,2025,true,0.093051,0.061109,0.088694,0.30,Under,0.50,Under,0.163556,0.153634,0.171090,0.162314,0.150000,0.059161
bothqb_passyds,all,,,2250,415,2010,2025,true,0.093051,0.061109,0.088694,0.30,Over,0.70,Over,0.226667,0.217147,0.233773,0.220598,0.210000,0.079365
bothqb_passyds,all,,,2250,415,2010,2025,true,0.093051,0.061109,0.088694,0.30,Over,0.70,Under,0.192889,0.185634,0.203960,0.199139,0.210000,-0.081481
bothqb_passyds,all,,,2250,415,2010,2025,true,0.093051,0.061109,0.088694,0.30,Under,0.70,Over,0.202222,0.194012,0.211896,0.199139,0.210000,-0.037037
bothqb_passyds,all,,,2250,415,2010,2025,true,0.093051,0.061109,0.088694,0.30,Under,0.70,Under,0.228444,0.218711,0.236097,0.220598,0.210000,0.087831
bothqb_passyds,all,,,2250,415,2010,2025,true,0.093051,0.061109,0.088694,0.50,Over,0.30,Over,0.168889,0.157868,0.176510,0.162314,0.150000,0.082438
bothqb_passyds,all,,,2250,415,2010,2025,true,0.093051,0.061109,0.088694,0.50,Over,0.30,Under,0.139556,0.130998,0.150089,0.137686,0.150000,-0.045583
bothqb_passyds,all,,,2250,415,2010,2025,true,0.093051,0.061109,0.088694,0.50,Under,0.30,Over,0.131111,0.123314,0.142176,0.137686,0.150000,-0.082438
bothqb_passyds,all,,,2250,415,2010,2025,true,0.093051,0.061109,0.088694,0.50,Under,0.30,Under,0.160444,0.149933,0.169010,0.162314,0.150000,0.045583
bothqb_passyds,all,,,2250,415,2010,2025,true,0.093051,0.061109,0.088694,0.50,Over,0.50,Over,0.266222,0.255495,0.275267,0.264135,0.250000,0.064889
bothqb_passyds,all,,,2250,415,2010,2025,true,0.093051,0.061109,0.088694,0.50,Over,0.50,Under,0.233778,0.224578,0.244504,0.235865,0.250000,-0.064889
bothqb_passyds,all,,,2250,415,2010,2025,true,0.093051,0.061109,0.088694,0.50,Under,0.50,Over,0.233778,0.224578,0.244504,0.235865,0.250000,-0.064889
bothqb_passyds,all,,,2250,415,2010,2025,true,0.093051,0.061109,0.088694,0.50,Under,0.50,Under,0.266222,0.255497,0.275422,0.264135,0.250000,0.064889
bothqb_passyds,all,,,2250,415,2010,2025,true,0.093051,0.061109,0.088694,0.50,Over,0.70,Over,0.360444,0.349844,0.368778,0.362314,0.350000,0.045583
bothqb_passyds,all,,,2250,415,2010,2025,true,0.093051,0.061109,0.088694,0.50,Over,0.70,Under,0.331111,0.323300,0.341914,0.337686,0.350000,-0.082438
bothqb_passyds,all,,,2250,415,2010,2025,true,0.093051,0.061109,0.088694,0.50,Under,0.70,Over,0.339556,0.331125,0.350180,0.337686,0.350000,-0.045583
bothqb_passyds,all,,,2250,415,2010,2025,true,0.093051,0.061109,0.088694,0.50,Under,0.70,Under,0.368889,0.358042,0.376831,0.362314,0.350000,0.082438
bothqb_passyds,all,,,2250,415,2010,2025,true,0.093051,0.061109,0.088694,0.70,Over,0.30,Over,0.228444,0.218711,0.236097,0.220598,0.210000,0.087831
bothqb_passyds,all,,,2250,415,2010,2025,true,0.093051,0.061109,0.088694,0.70,Over,0.30,Under,0.202222,0.194012,0.211896,0.199139,0.210000,-0.037037
bothqb_passyds,all,,,2250,415,2010,2025,true,0.093051,0.061109,0.088694,0.70,Under,0.30,Over,0.192889,0.185634,0.203960,0.199139,0.210000,-0.081481
bothqb_passyds,all,,,2250,415,2010,2025,true,0.093051,0.061109,0.088694,0.70,Under,0.30,Under,0.226667,0.217151,0.233870,0.220598,0.210000,0.079365
bothqb_passyds,all,,,2250,415,2010,2025,true,0.093051,0.061109,0.088694,0.70,Over,0.50,Over,0.363556,0.352728,0.370173,0.362314,0.350000,0.059161
bothqb_passyds,all,,,2250,415,2010,2025,true,0.093051,0.061109,0.088694,0.70,Over,0.50,Under,0.336444,0.329902,0.347319,0.337686,0.350000,-0.059161
bothqb_passyds,all,,,2250,415,2010,2025,true,0.093051,0.061109,0.088694,0.70,Under,0.50,Over,0.329333,0.320461,0.339881,0.337686,0.350000,-0.090197
bothqb_passyds,all,,,2250,415,2010,2025,true,0.093051,0.061109,0.088694,0.70,Under,0.50,Under,0.370667,0.360000,0.379495,0.362314,0.350000,0.090197
bothqb_passyds,all,,,2250,415,2010,2025,true,0.093051,0.061109,0.088694,0.70,Over,0.70,Over,0.497778,0.488151,0.506059,0.500861,0.490000,0.037037
bothqb_passyds,all,,,2250,415,2010,2025,true,0.093051,0.061109,0.088694,0.70,Over,0.70,Under,0.471556,0.463861,0.481378,0.479402,0.490000,-0.087831
bothqb_passyds,all,,,2250,415,2010,2025,true,0.093051,0.061109,0.088694,0.70,Under,0.70,Over,0.473333,0.466188,0.482674,0.479402,0.490000,-0.079365
bothqb_passyds,all,,,2250,415,2010,2025,true,0.093051,0.061109,0.088694,0.70,Under,0.70,Under,0.507111,0.496038,0.514457,0.500861,0.490000,0.081481
bothqb_passyds,t1,,44.0000,781,297,2010,2025,true,0.095061,0.062589,0.086613,0.30,Over,0.30,Over,0.103713,0.086725,0.122903,0.100603,0.090000,0.065301
bothqb_passyds,t1,,44.0000,781,297,2010,2025,true,0.095061,0.062589,0.086613,0.30,Over,0.30,Under,0.075544,0.058290,0.089267,0.079648,0.090000,-0.068837
bothqb_passyds,t1,,44.0000,781,297,2010,2025,true,0.095061,0.062589,0.086613,0.30,Under,0.30,Over,0.070423,0.058426,0.087932,0.079648,0.090000,-0.093226
bothqb_passyds,t1,,44.0000,781,297,2010,2025,true,0.095061,0.062589,0.086613,0.30,Under,0.30,Under,0.098592,0.084099,0.120159,0.100603,0.090000,0.040912
bothqb_passyds,t1,,44.0000,781,297,2010,2025,true,0.095061,0.062589,0.086613,0.30,Over,0.50,Over,0.170294,0.152763,0.188642,0.162025,0.150000,0.088572
bothqb_passyds,t1,,44.0000,781,297,2010,2025,true,0.095061,0.062589,0.086613,0.30,Over,0.50,Under,0.129321,0.111108,0.147183,0.137975,0.150000,-0.090249
bothqb_passyds,t1,,44.0000,781,297,2010,2025,true,0.095061,0.062589,0.086613,0.30,Under,0.50,Over,0.133163,0.118081,0.151106,0.137975,0.150000,-0.073484
bothqb_passyds,t1,,44.0000,781,297,2010,2025,true,0.095061,0.062589,0.086613,0.30,Under,0.50,Under,0.166453,0.148647,0.182319,0.162025,0.150000,0.071808
bothqb_passyds,t1,,44.0000,781,297,2010,2025,true,0.095061,0.062589,0.086613,0.30,Over,0.70,Over,0.224072,0.210860,0.241514,0.220352,0.210000,0.067008
bothqb_passyds,t1,,44.0000,781,297,2010,2025,true,0.095061,0.062589,0.086613,0.30,Over,0.70,Under,0.195903,0.177211,0.212965,0.199397,0.210000,-0.067130
bothqb_passyds,t1,,44.0000,781,297,2010,2025,true,0.095061,0.062589,0.086613,0.30,Under,0.70,Over,0.201024,0.179579,0.216114,0.199397,0.210000,-0.042741
bothqb_passyds,t1,,44.0000,781,297,2010,2025,true,0.095061,0.062589,0.086613,0.30,Under,0.70,Under,0.229193,0.212229,0.241603,0.220352,0.210000,0.091397
bothqb_passyds,t1,,44.0000,781,297,2010,2025,true,0.095061,0.062589,0.086613,0.50,Over,0.30,Over,0.169014,0.152384,0.185235,0.162025,0.150000,0.082984
bothqb_passyds,t1,,44.0000,781,297,2010,2025,true,0.095061,0.062589,0.086613,0.50,Over,0.30,Under,0.134443,0.113687,0.149042,0.137975,0.150000,-0.067896
bothqb_passyds,t1,,44.0000,781,297,2010,2025,true,0.095061,0.062589,0.086613,0.50,Under,0.30,Over,0.130602,0.115016,0.147732,0.137975,0.150000,-0.084661
bothqb_passyds,t1,,44.0000,781,297,2010,2025,true,0.095061,0.062589,0.086613,0.50,Under,0.30,Under,0.165173,0.151628,0.186594,0.162025,0.150000,0.066220
bothqb_passyds,t1,,44.0000,781,297,2010,2025,true,0.095061,0.062589,0.086613,0.50,Over,0.50,Over,0.271447,0.253577,0.290892,0.263802,0.250000,0.085787
bothqb_passyds,t1,,44.0000,781,297,2010,2025,true,0.095061,0.062589,0.086613,0.50,Over,0.50,Under,0.227913,0.209101,0.245769,0.236198,0.250000,-0.088348
bothqb_passyds,t1,,44.0000,781,297,2010,2025,true,0.095061,0.062589,0.086613,0.50,Under,0.50,Over,0.227913,0.209101,0.245769,0.236198,0.250000,-0.088348
bothqb_passyds,t1,,44.0000,781,297,2010,2025,true,0.095061,0.062589,0.086613,0.50,Under,0.50,Under,0.272727,0.254679,0.291083,0.263802,0.250000,0.090909
bothqb_passyds,t1,,44.0000,781,297,2010,2025,true,0.095061,0.062589,0.086613,0.50,Over,0.70,Over,0.364917,0.350297,0.385995,0.362025,0.350000,0.065102
bothqb_passyds,t1,,44.0000,781,297,2010,2025,true,0.095061,0.062589,0.086613,0.50,Over,0.70,Under,0.330346,0.314138,0.347349,0.337975,0.350000,-0.085778
bothqb_passyds,t1,,44.0000,781,297,2010,2025,true,0.095061,0.062589,0.086613,0.50,Under,0.70,Over,0.335467,0.313939,0.349042,0.337975,0.350000,-0.063426
bothqb_passyds,t1,,44.0000,781,297,2010,2025,true,0.095061,0.062589,0.086613,0.50,Under,0.70,Under,0.370038,0.352286,0.385659,0.362025,0.350000,0.087455
bothqb_passyds,t1,,44.0000,781,297,2010,2025,true,0.095061,0.062589,0.086613,0.70,Over,0.30,Over,0.229193,0.212006,0.241603,0.220352,0.210000,0.091397
bothqb_passyds,t1,,44.0000,781,297,2010,2025,true,0.095061,0.062589,0.086613,0.70,Over,0.30,Under,0.201024,0.179579,0.216114,0.199397,0.210000,-0.042741
bothqb_passyds,t1,,44.0000,781,297,2010,2025,true,0.095061,0.062589,0.086613,0.70,Under,0.30,Over,0.195903,0.177211,0.212965,0.199397,0.210000,-0.067130
bothqb_passyds,t1,,44.0000,781,297,2010,2025,true,0.095061,0.062589,0.086613,0.70,Under,0.30,Under,0.224072,0.210860,0.242120,0.220352,0.210000,0.067008
bothqb_passyds,t1,,44.0000,781,297,2010,2025,true,0.095061,0.062589,0.086613,0.70,Over,0.50,Over,0.366197,0.348676,0.381916,0.362025,0.350000,0.070690
bothqb_passyds,t1,,44.0000,781,297,2010,2025,true,0.095061,0.062589,0.086613,0.70,Over,0.50,Under,0.334187,0.317830,0.351368,0.337975,0.350000,-0.069014
bothqb_passyds,t1,,44.0000,781,297,2010,2025,true,0.095061,0.062589,0.086613,0.70,Under,0.50,Over,0.329065,0.311358,0.347171,0.337975,0.350000,-0.091367
bothqb_passyds,t1,,44.0000,781,297,2010,2025,true,0.095061,0.062589,0.086613,0.70,Under,0.50,Under,0.371319,0.353591,0.389104,0.362025,0.350000,0.093043
bothqb_passyds,t1,,44.0000,781,297,2010,2025,true,0.095061,0.062589,0.086613,0.70,Over,0.70,Over,0.499360,0.484067,0.520673,0.500603,0.490000,0.044570
bothqb_passyds,t1,,44.0000,781,297,2010,2025,true,0.095061,0.062589,0.086613,0.70,Over,0.70,Under,0.471191,0.458654,0.487904,0.479648,0.490000,-0.089568
bothqb_passyds,t1,,44.0000,781,297,2010,2025,true,0.095061,0.062589,0.086613,0.70,Under,0.70,Over,0.476312,0.457954,0.489134,0.479648,0.490000,-0.065179
bothqb_passyds,t1,,44.0000,781,297,2010,2025,true,0.095061,0.062589,0.086613,0.70,Under,0.70,Under,0.504481,0.486908,0.523156,0.500603,0.490000,0.068959
bothqb_passyds,t2,44.0000,48.0000,813,353,2010,2025,true,0.090150,0.058932,0.098837,0.30,Over,0.30,Over,0.103321,0.087484,0.118255,0.102122,0.090000,0.063433
bothqb_passyds,t2,44.0000,48.0000,813,353,2010,2025,true,0.090150,0.058932,0.098837,0.30,Over,0.30,Under,0.078721,0.064553,0.090448,0.078205,0.090000,-0.053711
bothqb_passyds,t2,44.0000,48.0000,813,353,2010,2025,true,0.090150,0.058932,0.098837,0.30,Under,0.30,Over,0.070111,0.057032,0.085088,0.078205,0.090000,-0.094711
bothqb_passyds,t2,44.0000,48.0000,813,353,2010,2025,true,0.090150,0.058932,0.098837,0.30,Under,0.30,Under,0.098401,0.083007,0.113638,0.102122,0.090000,0.040005
bothqb_passyds,t2,44.0000,48.0000,813,353,2010,2025,true,0.090150,0.058932,0.098837,0.30,Over,0.50,Over,0.161132,0.144547,0.177478,0.163726,0.150000,0.048582
bothqb_passyds,t2,44.0000,48.0000,813,353,2010,2025,true,0.090150,0.058932,0.098837,0.30,Over,0.50,Under,0.138991,0.123036,0.155222,0.136274,0.150000,-0.048046
bothqb_passyds,t2,44.0000,48.0000,813,353,2010,2025,true,0.090150,0.058932,0.098837,0.30,Under,0.50,Over,0.137761,0.121979,0.153849,0.136274,0.150000,-0.053414
bothqb_passyds,t2,44.0000,48.0000,813,353,2010,2025,true,0.090150,0.058932,0.098837,0.30,Under,0.50,Under,0.162362,0.146516,0.178345,0.163726,0.150000,0.053951
bothqb_passyds,t2,44.0000,48.0000,813,353,2010,2025,true,0.090150,0.058932,0.098837,0.30,Over,0.70,Over,0.221402,0.209331,0.235312,0.221795,0.210000,0.054296
bothqb_passyds,t2,44.0000,48.0000,813,353,2010,2025,true,0.090150,0.058932,0.098837,0.30,Over,0.70,Under,0.196802,0.181468,0.212740,0.197878,0.210000,-0.062848
bothqb_passyds,t2,44.0000,48.0000,813,353,2010,2025,true,0.090150,0.058932,0.098837,0.30,Under,0.70,Over,0.201722,0.186682,0.217008,0.197878,0.210000,-0.039419
bothqb_passyds,t2,44.0000,48.0000,813,353,2010,2025,true,0.090150,0.058932,0.098837,0.30,Under,0.70,Under,0.230012,0.215000,0.243156,0.221795,0.210000,0.095297
bothqb_passyds,t2,44.0000,48.0000,813,353,2010,2025,true,0.090150,0.058932,0.098837,0.50,Over,0.30,Over,0.166052,0.149685,0.181824,0.163726,0.150000,0.070055
bothqb_passyds,t2,44.0000,48.0000,813,353,2010,2025,true,0.090150,0.058932,0.098837,0.50,Over,0.30,Under,0.146371,0.128324,0.159552,0.136274,0.150000,-0.015836
bothqb_passyds,t2,44.0000,48.0000,813,353,2010,2025,true,0.090150,0.058932,0.098837,0.50,Under,0.30,Over,0.134071,0.118197,0.150126,0.136274,0.150000,-0.069518
bothqb_passyds,t2,44.0000,48.0000,813,353,2010,2025,true,0.090150,0.058932,0.098837,0.50,Under,0.30,Under,0.153752,0.140067,0.171988,0.163726,0.150000,0.016373
bothqb_passyds,t2,44.0000,48.0000,813,353,2010,2025,true,0.090150,0.058932,0.098837,0.50,Over,0.50,Over,0.258303,0.241747,0.277094,0.265756,0.250000,0.033210
bothqb_passyds,t2,44.0000,48.0000,813,353,2010,2025,true,0.090150,0.058932,0.098837,0.50,Over,0.50,Under,0.241082,0.222894,0.258044,0.234244,0.250000,-0.035670
bothqb_passyds,t2,44.0000,48.0000,813,353,2010,2025,true,0.090150,0.058932,0.098837,0.50,Under,0.50,Over,0.241082,0.222894,0.258044,0.234244,0.250000,-0.035670
bothqb_passyds,t2,44.0000,48.0000,813,353,2010,2025,true,0.090150,0.058932,0.098837,0.50,Under,0.50,Under,0.259533,0.241971,0.277106,0.265756,0.250000,0.038130
bothqb_passyds,t2,44.0000,48.0000,813,353,2010,2025,true,0.090150,0.058932,0.098837,0.50,Over,0.70,Over,0.353014,0.339811,0.371535,0.363726,0.350000,0.013152
bothqb_passyds,t2,44.0000,48.0000,813,353,2010,2025,true,0.090150,0.058932,0.098837,0.50,Over,0.70,Under,0.333333,0.317966,0.350008,0.336274,0.350000,-0.072739
bothqb_passyds,t2,44.0000,48.0000,813,353,2010,2025,true,0.090150,0.058932,0.098837,0.50,Under,0.70,Over,0.346863,0.328649,0.360353,0.336274,0.350000,-0.013689
bothqb_passyds,t2,44.0000,48.0000,813,353,2010,2025,true,0.090150,0.058932,0.098837,0.50,Under,0.70,Under,0.366544,0.349997,0.382024,0.363726,0.350000,0.072202
bothqb_passyds,t2,44.0000,48.0000,813,353,2010,2025,true,0.090150,0.058932,0.098837,0.70,Over,0.30,Over,0.230012,0.214719,0.243156,0.221795,0.210000,0.095297
bothqb_passyds,t2,44.0000,48.0000,813,353,2010,2025,true,0.090150,0.058932,0.098837,0.70,Over,0.30,Under,0.201722,0.186682,0.217008,0.197878,0.210000,-0.039419
bothqb_passyds,t2,44.0000,48.0000,813,353,2010,2025,true,0.090150,0.058932,0.098837,0.70,Under,0.30,Over,0.196802,0.181468,0.212740,0.197878,0.210000,-0.062848
bothqb_passyds,t2,44.0000,48.0000,813,353,2010,2025,true,0.090150,0.058932,0.098837,0.70,Under,0.30,Under,0.221402,0.209331,0.235930,0.221795,0.210000,0.054296
bothqb_passyds,t2,44.0000,48.0000,813,353,2010,2025,true,0.090150,0.058932,0.098837,0.70,Over,0.50,Over,0.361624,0.346052,0.377841,0.363726,0.350000,0.050730
bothqb_passyds,t2,44.0000,48.0000,813,353,2010,2025,true,0.090150,0.058932,0.098837,0.70,Over,0.50,Under,0.338253,0.322029,0.353669,0.336274,0.350000,-0.051266
bothqb_passyds,t2,44.0000,48.0000,813,353,2010,2025,true,0.090150,0.058932,0.098837,0.70,Under,0.50,Over,0.338253,0.322505,0.355453,0.336274,0.350000,-0.051266
bothqb_passyds,t2,44.0000,48.0000,813,353,2010,2025,true,0.090150,0.058932,0.098837,0.70,Under,0.50,Under,0.361624,0.344783,0.376980,0.363726,0.350000,0.050730
bothqb_passyds,t2,44.0000,48.0000,813,353,2010,2025,true,0.090150,0.058932,0.098837,0.70,Over,0.70,Over,0.498155,0.485009,0.515418,0.502122,0.490000,0.038833
bothqb_passyds,t2,44.0000,48.0000,813,353,2010,2025,true,0.090150,0.058932,0.098837,0.70,Over,0.70,Under,0.469865,0.456819,0.485451,0.478205,0.490000,-0.095882
bothqb_passyds,t2,44.0000,48.0000,813,353,2010,2025,true,0.090150,0.058932,0.098837,0.70,Under,0.70,Over,0.478475,0.464452,0.490622,0.478205,0.490000,-0.054882
bothqb_passyds,t2,44.0000,48.0000,813,353,2010,2025,true,0.090150,0.058932,0.098837,0.70,Under,0.70,Under,0.503075,0.487114,0.518216,0.502122,0.490000,0.062262
bothqb_passyds,t3,48.0000,,656,265,2010,2025,true,0.091719,0.058779,0.075215,0.30,Over,0.30,Over,0.112805,0.094621,0.127757,0.099192,0.090000,0.108595
bothqb_passyds,t3,48.0000,,656,265,2010,2025,true,0.091719,0.058779,0.075215,0.30,Over,0.30,Under,0.070122,0.053167,0.088796,0.080997,0.090000,-0.094657
bothqb_passyds,t3,48.0000,,656,265,2010,2025,true,0.091719,0.058779,0.075215,0.30,Under,0.30,Over,0.073171,0.058458,0.089286,0.080997,0.090000,-0.080139
bothqb_passyds,t3,48.0000,,656,265,2010,2025,true,0.091719,0.058779,0.075215,0.30,Under,0.30,Under,0.080793,0.065239,0.101089,0.099192,0.090000,-0.043844
bothqb_passyds,t3,48.0000,,656,265,2010,2025,true,0.091719,0.058779,0.075215,0.30,Over,0.50,Over,0.178354,0.156981,0.195199,0.160440,0.150000,0.123746
bothqb_passyds,t3,48.0000,,656,265,2010,2025,true,0.091719,0.058779,0.075215,0.30,Over,0.50,Under,0.121951,0.105101,0.143084,0.139560,0.150000,-0.122415
bothqb_passyds,t3,48.0000,,656,265,2010,2025,true,0.091719,0.058779,0.075215,0.30,Under,0.50,Over,0.143293,0.126898,0.161941,0.139560,0.150000,-0.029273
bothqb_passyds,t3,48.0000,,656,265,2010,2025,true,0.091719,0.058779,0.075215,0.30,Under,0.50,Under,0.157012,0.137928,0.173168,0.160440,0.150000,0.030604
bothqb_passyds,t3,48.0000,,656,265,2010,2025,true,0.091719,0.058779,0.075215,0.30,Over,0.70,Over,0.230183,0.211605,0.246749,0.219003,0.210000,0.096109
bothqb_passyds,t3,48.0000,,656,265,2010,2025,true,0.091719,0.058779,0.075215,0.30,Over,0.70,Under,0.187500,0.171804,0.205288,0.200808,0.210000,-0.107143
bothqb_passyds,t3,48.0000,,656,265,2010,2025,true,0.091719,0.058779,0.075215,0.30,Under,0.70,Over,0.219512,0.199053,0.235207,0.200808,0.210000,0.045296
bothqb_passyds,t3,48.0000,,656,265,2010,2025,true,0.091719,0.058779,0.075215,0.30,Under,0.70,Under,0.227134,0.210524,0.241433,0.219003,0.210000,0.081591
bothqb_passyds,t3,48.0000,,656,265,2010,2025,true,0.091719,0.058779,0.075215,0.50,Over,0.30,Over,0.172256,0.154331,0.189988,0.160440,0.150000,0.097134
bothqb_passyds,t3,48.0000,,656,265,2010,2025,true,0.091719,0.058779,0.075215,0.50,Over,0.30,Under,0.144817,0.125187,0.165116,0.139560,0.150000,-0.022620
bothqb_passyds,t3,48.0000,,656,265,2010,2025,true,0.091719,0.058779,0.075215,0.50,Under,0.30,Over,0.128049,0.109692,0.145781,0.139560,0.150000,-0.095803
bothqb_passyds,t3,48.0000,,656,265,2010,2025,true,0.091719,0.058779,0.075215,0.50,Under,0.30,Under,0.155488,0.134795,0.175204,0.160440,0.150000,0.023951
bothqb_passyds,t3,48.0000,,656,265,2010,2025,true,0.091719,0.058779,0.075215,0.50,Over,0.50,Over,0.268293,0.246055,0.287375,0.261982,0.250000,0.073171
bothqb_passyds,t3,48.0000,,656,265,2010,2025,true,0.091719,0.058779,0.075215,0.50,Over,0.50,Under,0.231707,0.212165,0.253849,0.238018,0.250000,-0.073171
bothqb_passyds,t3,48.0000,,656,265,2010,2025,true,0.091719,0.058779,0.075215,0.50,Under,0.50,Over,0.231707,0.212165,0.253849,0.238018,0.250000,-0.073171
bothqb_passyds,t3,48.0000,,656,265,2010,2025,true,0.091719,0.058779,0.075215,0.50,Under,0.50,Under,0.268293,0.246462,0.288088,0.261982,0.250000,0.073171
bothqb_passyds,t3,48.0000,,656,265,2010,2025,true,0.091719,0.058779,0.075215,0.50,Over,0.70,Over,0.355183,0.334778,0.373991,0.360440,0.350000,0.022620
bothqb_passyds,t3,48.0000,,656,265,2010,2025,true,0.091719,0.058779,0.075215,0.50,Over,0.70,Under,0.327744,0.310004,0.345319,0.339560,0.350000,-0.097134
bothqb_passyds,t3,48.0000,,656,265,2010,2025,true,0.091719,0.058779,0.075215,0.50,Under,0.70,Over,0.344512,0.325527,0.365561,0.339560,0.350000,-0.023951
bothqb_passyds,t3,48.0000,,656,265,2010,2025,true,0.091719,0.058779,0.075215,0.50,Under,0.70,Under,0.371951,0.354259,0.390589,0.360440,0.350000,0.095803
bothqb_passyds,t3,48.0000,,656,265,2010,2025,true,0.091719,0.058779,0.075215,0.70,Over,0.30,Over,0.227134,0.210524,0.241433,0.219003,0.210000,0.081591
bothqb_passyds,t3,48.0000,,656,265,2010,2025,true,0.091719,0.058779,0.075215,0.70,Over,0.30,Under,0.219512,0.199053,0.235207,0.200808,0.210000,0.045296
bothqb_passyds,t3,48.0000,,656,265,2010,2025,true,0.091719,0.058779,0.075215,0.70,Under,0.30,Over,0.187500,0.171804,0.205288,0.200808,0.210000,-0.107143
bothqb_passyds,t3,48.0000,,656,265,2010,2025,true,0.091719,0.058779,0.075215,0.70,Under,0.30,Under,0.230183,0.211605,0.246749,0.219003,0.210000,0.096109
bothqb_passyds,t3,48.0000,,656,265,2010,2025,true,0.091719,0.058779,0.075215,0.70,Over,0.50,Over,0.356707,0.337309,0.373042,0.360440,0.350000,0.029273
bothqb_passyds,t3,48.0000,,656,265,2010,2025,true,0.091719,0.058779,0.075215,0.70,Over,0.50,Under,0.342988,0.327207,0.362791,0.339560,0.350000,-0.030604
bothqb_passyds,t3,48.0000,,656,265,2010,2025,true,0.091719,0.058779,0.075215,0.70,Under,0.50,Over,0.321646,0.304664,0.342477,0.339560,0.350000,-0.123746
bothqb_passyds,t3,48.0000,,656,265,2010,2025,true,0.091719,0.058779,0.075215,0.70,Under,0.50,Under,0.378049,0.357132,0.395107,0.360440,0.350000,0.122415
bothqb_passyds,t3,48.0000,,656,265,2010,2025,true,0.091719,0.058779,0.075215,0.70,Over,0.70,Over,0.480183,0.464704,0.500801,0.499192,0.490000,-0.046748
bothqb_passyds,t3,48.0000,,656,265,2010,2025,true,0.091719,0.058779,0.075215,0.70,Over,0.70,Under,0.472561,0.458814,0.489639,0.480997,0.490000,-0.083043
bothqb_passyds,t3,48.0000,,656,265,2010,2025,true,0.091719,0.058779,0.075215,0.70,Under,0.70,Over,0.469512,0.453141,0.488828,0.480997,0.490000,-0.097561
bothqb_passyds,t3,48.0000,,656,265,2010,2025,true,0.091719,0.058779,0.075215,0.70,Under,0.70,Under,0.512195,0.494687,0.529330,0.499192,0.490000,0.105691
passyds_x_rb1rush,all,,,5241,466,2010,2025,true,-0.124319,-0.083567,-0.127701,0.30,Over,0.30,Over,0.069834,0.065252,0.075960,0.074814,0.090000,-0.096029
passyds_x_rb1rush,all,,,5241,466,2010,2025,true,-0.124319,-0.083567,-0.127701,0.30,Over,0.30,Under,0.109903,0.102900,0.116229,0.105734,0.090000,0.094775
passyds_x_rb1rush,all,,,5241,466,2010,2025,true,-0.124319,-0.083567,-0.127701,0.30,Under,0.30,Over,0.104369,0.098684,0.110232,0.105734,0.090000,0.068426
passyds_x_rb1rush,all,,,5241,466,2010,2025,true,-0.124319,-0.083567,-0.127701,0.30,Under,0.30,Under,0.079565,0.074327,0.085541,0.074814,0.090000,-0.049691
passyds_x_rb1rush,all,,,5241,466,2010,2025,true,-0.124319,-0.083567,-0.127701,0.30,Over,0.50,Over,0.128029,0.121791,0.134645,0.132252,0.150000,-0.095889
passyds_x_rb1rush,all,,,5241,466,2010,2025,true,-0.124319,-0.083567,-0.127701,0.30,Over,0.50,Under,0.171914,0.165391,0.178226,0.167748,0.150000,0.095639
passyds_x_rb1rush,all,,,5241,466,2010,2025,true,-0.124319,-0.083567,-0.127701,0.30,Under,0.50,Over,0.163709,0.157468,0.169313,0.167748,0.150000,0.059832
passyds_x_rb1rush,all,,,5241,466,2010,2025,true,-0.124319,-0.083567,-0.127701,0.30,Under,0.50,Under,0.136234,0.130708,0.142562,0.132252,0.150000,-0.060082
passyds_x_rb1rush,all,,,5241,466,2010,2025,true,-0.124319,-0.083567,-0.127701,0.30,Over,0.70,Over,0.190040,0.183845,0.197134,0.194266,0.210000,-0.095047
passyds_x_rb1rush,all,,,5241,466,2010,2025,true,-0.124319,-0.083567,-0.127701,0.30,Over,0.70,Under,0.230109,0.224021,0.234712,0.225186,0.210000,0.095756
passyds_x_rb1rush,all,,,5241,466,2010,2025,true,-0.124319,-0.083567,-0.127701,0.30,Under,0.70,Over,0.220378,0.214422,0.225671,0.225186,0.210000,0.049418
passyds_x_rb1rush,all,,,5241,466,2010,2025,true,-0.124319,-0.083567,-0.127701,0.30,Under,0.70,Under,0.195573,0.189856,0.201371,0.194266,0.210000,-0.068698
passyds_x_rb1rush,all,,,5241,466,2010,2025,true,-0.124319,-0.083567,-0.127701,0.50,Over,0.30,Over,0.129555,0.123622,0.135763,0.132252,0.150000,-0.089227
passyds_x_rb1rush,all,,,5241,466,2010,2025,true,-0.124319,-0.083567,-0.127701,0.50,Over,0.30,Under,0.165045,0.159037,0.171900,0.167748,0.150000,0.065661
passyds_x_rb1rush,all,,,5241,466,2010,2025,true,-0.124319,-0.083567,-0.127701,0.50,Under,0.30,Over,0.170387,0.164181,0.176289,0.167748,0.150000,0.088978
passyds_x_rb1rush,all,,,5241,466,2010,2025,true,-0.124319,-0.083567,-0.127701,0.50,Under,0.30,Under,0.134898,0.128145,0.141035,0.132252,0.150000,-0.065911
passyds_x_rb1rush,all,,,5241,466,2010,2025,true,-0.124319,-0.083567,-0.127701,0.50,Over,0.50,Over,0.230300,0.224403,0.237520,0.229620,0.250000,-0.078802
passyds_x_rb1rush,all,,,5241,466,2010,2025,true,-0.124319,-0.083567,-0.127701,0.50,Over,0.50,Under,0.269605,0.262480,0.275564,0.270380,0.250000,0.078420
passyds_x_rb1rush,all,,,5241,466,2010,2025,true,-0.124319,-0.083567,-0.127701,0.50,Under,0.50,Over,0.269605,0.262480,0.275564,0.270380,0.250000,0.078420
passyds_x_rb1rush,all,,,5241,466,2010,2025,true,-0.124319,-0.083567,-0.127701,0.50,Under,0.50,Under,0.230490,0.224499,0.237520,0.229620,0.250000,-0.078039
passyds_x_rb1rush,all,,,5241,466,2010,2025,true,-0.124319,-0.083567,-0.127701,0.50,Over,0.70,Over,0.334860,0.328100,0.340963,0.332252,0.350000,-0.066077
passyds_x_rb1rush,all,,,5241,466,2010,2025,true,-0.124319,-0.083567,-0.127701,0.50,Over,0.70,Under,0.370349,0.364234,0.376285,0.367748,0.350000,0.088811
passyds_x_rb1rush,all,,,5241,466,2010,2025,true,-0.124319,-0.083567,-0.127701,0.50,Under,0.70,Over,0.365197,0.359056,0.371867,0.367748,0.350000,0.066327
passyds_x_rb1rush,all,,,5241,466,2010,2025,true,-0.124319,-0.083567,-0.127701,0.50,Under,0.70,Under,0.329708,0.323805,0.335821,0.332252,0.350000,-0.088561
passyds_x_rb1rush,all,,,5241,466,2010,2025,true,-0.124319,-0.083567,-0.127701,0.70,Over,0.30,Over,0.195573,0.189676,0.201371,0.194266,0.210000,-0.068698
passyds_x_rb1rush,all,,,5241,466,2010,2025,true,-0.124319,-0.083567,-0.127701,0.70,Over,0.30,Under,0.220378,0.214422,0.225671,0.225186,0.210000,0.049418
passyds_x_rb1rush,all,,,5241,466,2010,2025,true,-0.124319,-0.083567,-0.127701,0.70,Under,0.30,Over,0.230109,0.224021,0.234712,0.225186,0.210000,0.095756
passyds_x_rb1rush,all,,,5241,466,2010,2025,true,-0.124319,-0.083567,-0.127701,0.70,Under,0.30,Under,0.190040,0.183845,0.197139,0.194266,0.210000,-0.095047
passyds_x_rb1rush,all,,,5241,466,2010,2025,true,-0.124319,-0.083567,-0.127701,0.70,Over,0.50,Over,0.336195,0.330590,0.342486,0.332252,0.350000,-0.060248
passyds_x_rb1rush,all,,,5241,466,2010,2025,true,-0.124319,-0.083567,-0.127701,0.70,Over,0.50,Under,0.363862,0.357495,0.369389,0.367748,0.350000,0.060498
passyds_x_rb1rush,all,,,5241,466,2010,2025,true,-0.124319,-0.083567,-0.127701,0.70,Under,0.50,Over,0.371876,0.365353,0.378114,0.367748,0.350000,0.095473
passyds_x_rb1rush,all,,,5241,466,2010,2025,true,-0.124319,-0.083567,-0.127701,0.70,Under,0.50,Under,0.328182,0.321867,0.334700,0.332252,0.350000,-0.095223
passyds_x_rb1rush,all,,,5241,466,2010,2025,true,-0.124319,-0.083567,-0.127701,0.70,Over,0.70,Over,0.479679,0.474346,0.485573,0.474814,0.490000,-0.049145
passyds_x_rb1rush,all,,,5241,466,2010,2025,true,-0.124319,-0.083567,-0.127701,0.70,Over,0.70,Under,0.504484,0.498574,0.510236,0.505734,0.490000,0.068971
passyds_x_rb1rush,all,,,5241,466,2010,2025,true,-0.124319,-0.083567,-0.127701,0.70,Under,0.70,Over,0.510017,0.502826,0.516099,0.505734,0.490000,0.095320
passyds_x_rb1rush,all,,,5241,466,2010,2025,true,-0.124319,-0.083567,-0.127701,0.70,Under,0.70,Under,0.469948,0.465287,0.475998,0.474814,0.490000,-0.095483
passyds_x_rb1rush,dog3+,,-3.0000,1785,412,2010,2025,true,-0.067937,-0.045281,-0.078011,0.30,Over,0.30,Over,0.073389,0.064273,0.082415,0.080666,0.090000,-0.079098
passyds_x_rb1rush,dog3+,,-3.0000,1785,412,2010,2025,true,-0.067937,-0.045281,-0.078011,0.30,Over,0.30,Under,0.107003,0.097516,0.115617,0.099537,0.090000,0.080966
passyds_x_rb1rush,dog3+,,-3.0000,1785,412,2010,2025,true,-0.067937,-0.045281,-0.078011,0.30,Under,0.30,Over,0.095798,0.085613,0.104000,0.099537,0.090000,0.027611
passyds_x_rb1rush,dog3+,,-3.0000,1785,412,2010,2025,true,-0.067937,-0.045281,-0.078011,0.30,Under,0.30,Under,0.088515,0.078677,0.099626,0.080666,0.090000,-0.007069
passyds_x_rb1rush,dog3+,,-3.0000,1785,412,2010,2025,true,-0.067937,-0.045281,-0.078011,0.30,Over,0.50,Over,0.130532,0.122955,0.142631,0.139171,0.150000,-0.084964
passyds_x_rb1rush,dog3+,,-3.0000,1785,412,2010,2025,true,-0.067937,-0.045281,-0.078011,0.30,Over,0.50,Under,0.169188,0.157264,0.177102,0.160829,0.150000,0.083742
passyds_x_rb1rush,dog3+,,-3.0000,1785,412,2010,2025,true,-0.067937,-0.045281,-0.078011,0.30,Under,0.50,Over,0.153501,0.142763,0.163365,0.160829,0.150000,0.015281
passyds_x_rb1rush,dog3+,,-3.0000,1785,412,2010,2025,true,-0.067937,-0.045281,-0.078011,0.30,Under,0.50,Under,0.146779,0.136580,0.157299,0.139171,0.150000,-0.014059
passyds_x_rb1rush,dog3+,,-3.0000,1785,412,2010,2025,true,-0.067937,-0.045281,-0.078011,0.30,Over,0.70,Over,0.192717,0.184109,0.202348,0.200463,0.210000,-0.082300
passyds_x_rb1rush,dog3+,,-3.0000,1785,412,2010,2025,true,-0.067937,-0.045281,-0.078011,0.30,Over,0.70,Under,0.226331,0.217630,0.235580,0.219334,0.210000,0.077764
passyds_x_rb1rush,dog3+,,-3.0000,1785,412,2010,2025,true,-0.067937,-0.045281,-0.078011,0.30,Under,0.70,Over,0.211765,0.200216,0.221211,0.219334,0.210000,0.008403
passyds_x_rb1rush,dog3+,,-3.0000,1785,412,2010,2025,true,-0.067937,-0.045281,-0.078011,0.30,Under,0.70,Under,0.204482,0.195948,0.214476,0.200463,0.210000,-0.026277
passyds_x_rb1rush,dog3+,,-3.0000,1785,412,2010,2025,true,-0.067937,-0.045281,-0.078011,0.50,Over,0.30,Over,0.141737,0.132562,0.152420,0.139171,0.150000,-0.036064
passyds_x_rb1rush,dog3+,,-3.0000,1785,412,2010,2025,true,-0.067937,-0.045281,-0.078011,0.50,Over,0.30,Under,0.161345,0.149521,0.171912,0.160829,0.150000,0.049512
passyds_x_rb1rush,dog3+,,-3.0000,1785,412,2010,2025,true,-0.067937,-0.045281,-0.078011,0.50,Under,0.30,Over,0.157983,0.147391,0.167439,0.160829,0.150000,0.034842
passyds_x_rb1rush,dog3+,,-3.0000,1785,412,2010,2025,true,-0.067937,-0.045281,-0.078011,0.50,Under,0.30,Under,0.138936,0.128200,0.150647,0.139171,0.150000,-0.048289
passyds_x_rb1rush,dog3+,,-3.0000,1785,412,2010,2025,true,-0.067937,-0.045281,-0.078011,0.50,Over,0.50,Over,0.238655,0.227948,0.250146,0.237571,0.250000,-0.045378
passyds_x_rb1rush,dog3+,,-3.0000,1785,412,2010,2025,true,-0.067937,-0.045281,-0.078011,0.50,Over,0.50,Under,0.261064,0.249724,0.272051,0.262429,0.250000,0.044258
passyds_x_rb1rush,dog3+,,-3.0000,1785,412,2010,2025,true,-0.067937,-0.045281,-0.078011,0.50,Under,0.50,Over,0.261064,0.249724,0.272051,0.262429,0.250000,0.044258
passyds_x_rb1rush,dog3+,,-3.0000,1785,412,2010,2025,true,-0.067937,-0.045281,-0.078011,0.50,Under,0.50,Under,0.239216,0.228090,0.250301,0.237571,0.250000,-0.043137
passyds_x_rb1rush,dog3+,,-3.0000,1785,412,2010,2025,true,-0.067937,-0.045281,-0.078011,0.50,Over,0.70,Over,0.338375,0.328081,0.350387,0.339171,0.350000,-0.050734
passyds_x_rb1rush,dog3+,,-3.0000,1785,412,2010,2025,true,-0.067937,-0.045281,-0.078011,0.50,Over,0.70,Under,0.357983,0.347580,0.367438,0.360829,0.350000,0.034842
passyds_x_rb1rush,dog3+,,-3.0000,1785,412,2010,2025,true,-0.067937,-0.045281,-0.078011,0.50,Under,0.70,Over,0.361345,0.349630,0.371807,0.360829,0.350000,0.049512
passyds_x_rb1rush,dog3+,,-3.0000,1785,412,2010,2025,true,-0.067937,-0.045281,-0.078011,0.50,Under,0.70,Under,0.342297,0.332571,0.352609,0.339171,0.350000,-0.033619
passyds_x_rb1rush,dog3+,,-3.0000,1785,412,2010,2025,true,-0.067937,-0.045281,-0.078011,0.70,Over,0.30,Over,0.203922,0.195948,0.214476,0.200463,0.210000,-0.028945
passyds_x_rb1rush,dog3+,,-3.0000,1785,412,2010,2025,true,-0.067937,-0.045281,-0.078011,0.70,Over,0.30,Under,0.211765,0.200216,0.221211,0.219334,0.210000,0.008403
passyds_x_rb1rush,dog3+,,-3.0000,1785,412,2010,2025,true,-0.067937,-0.045281,-0.078011,0.70,Under,0.30,Over,0.226331,0.217630,0.235580,0.219334,0.210000,0.077764
passyds_x_rb1rush,dog3+,,-3.0000,1785,412,2010,2025,true,-0.067937,-0.045281,-0.078011,0.70,Under,0.30,Under,0.193277,0.184574,0.202425,0.200463,0.210000,-0.079632
passyds_x_rb1rush,dog3+,,-3.0000,1785,412,2010,2025,true,-0.067937,-0.045281,-0.078011,0.70,Over,0.50,Over,0.346218,0.336577,0.357070,0.339171,0.350000,-0.016504
passyds_x_rb1rush,dog3+,,-3.0000,1785,412,2010,2025,true,-0.067937,-0.045281,-0.078011,0.70,Over,0.50,Under,0.353501,0.342708,0.363536,0.360829,0.350000,0.015281
passyds_x_rb1rush,dog3+,,-3.0000,1785,412,2010,2025,true,-0.067937,-0.045281,-0.078011,0.70,Under,0.50,Over,0.369188,0.357259,0.376764,0.360829,0.350000,0.083742
passyds_x_rb1rush,dog3+,,-3.0000,1785,412,2010,2025,true,-0.067937,-0.045281,-0.078011,0.70,Under,0.50,Under,0.331092,0.323180,0.342795,0.339171,0.350000,-0.082519
passyds_x_rb1rush,dog3+,,-3.0000,1785,412,2010,2025,true,-0.067937,-0.045281,-0.078011,0.70,Over,0.70,Over,0.487955,0.478757,0.500000,0.480666,0.490000,-0.009737
passyds_x_rb1rush,dog3+,,-3.0000,1785,412,2010,2025,true,-0.067937,-0.045281,-0.078011,0.70,Over,0.70,Under,0.495798,0.485569,0.504049,0.499537,0.490000,0.027611
passyds_x_rb1rush,dog3+,,-3.0000,1785,412,2010,2025,true,-0.067937,-0.045281,-0.078011,0.70,Under,0.70,Over,0.507003,0.497493,0.515617,0.499537,0.490000,0.080966
passyds_x_rb1rush,dog3+,,-3.0000,1785,412,2010,2025,true,-0.067937,-0.045281,-0.078011,0.70,Under,0.70,Under,0.473950,0.464194,0.482207,0.480666,0.490000,-0.076431
passyds_x_rb1rush,fav3+,3.0000,,2242,423,2010,2025,true,-0.154852,-0.104936,-0.148891,0.30,Over,0.30,Over,0.067351,0.058954,0.075707,0.072339,0.090000,-0.107854
passyds_x_rb1rush,fav3+,3.0000,,2242,423,2010,2025,true,-0.154852,-0.104936,-0.148891,0.30,Over,0.30,Under,0.113738,0.103671,0.122459,0.108408,0.090000,0.113037
passyds_x_rb1rush,fav3+,3.0000,,2242,423,2010,2025,true,-0.154852,-0.104936,-0.148891,0.30,Under,0.30,Over,0.109277,0.099537,0.119695,0.108408,0.090000,0.091797
passyds_x_rb1rush,fav3+,3.0000,,2242,423,2010,2025,true,-0.154852,-0.104936,-0.148891,0.30,Under,0.30,Under,0.074487,0.066140,0.083455,0.072339,0.090000,-0.073871
passyds_x_rb1rush,fav3+,3.0000,,2242,423,2010,2025,true,-0.154852,-0.104936,-0.148891,0.30,Over,0.50,Over,0.123550,0.115297,0.133688,0.129292,0.150000,-0.115436
passyds_x_rb1rush,fav3+,3.0000,,2242,423,2010,2025,true,-0.154852,-0.104936,-0.148891,0.30,Over,0.50,Under,0.176628,0.166445,0.184527,0.170708,0.150000,0.116214
passyds_x_rb1rush,fav3+,3.0000,,2242,423,2010,2025,true,-0.154852,-0.104936,-0.148891,0.30,Under,0.50,Over,0.168599,0.158730,0.177682,0.170708,0.150000,0.081175
passyds_x_rb1rush,fav3+,3.0000,,2242,423,2010,2025,true,-0.154852,-0.104936,-0.148891,0.30,Under,0.50,Under,0.131579,0.122320,0.141383,0.129292,0.150000,-0.080396
passyds_x_rb1rush,fav3+,3.0000,,2242,423,2010,2025,true,-0.154852,-0.104936,-0.148891,0.30,Over,0.70,Over,0.186441,0.177586,0.196198,0.191592,0.210000,-0.112187
passyds_x_rb1rush,fav3+,3.0000,,2242,423,2010,2025,true,-0.154852,-0.104936,-0.148891,0.30,Over,0.70,Under,0.232828,0.224379,0.240829,0.227661,0.210000,0.108704
passyds_x_rb1rush,fav3+,3.0000,,2242,423,2010,2025,true,-0.154852,-0.104936,-0.148891,0.30,Under,0.70,Over,0.225691,0.216508,0.233826,0.227661,0.210000,0.074721
passyds_x_rb1rush,fav3+,3.0000,,2242,423,2010,2025,true,-0.154852,-0.104936,-0.148891,0.30,Under,0.70,Under,0.190901,0.180214,0.200468,0.191592,0.210000,-0.090948
passyds_x_rb1rush,fav3+,3.0000,,2242,423,2010,2025,true,-0.154852,-0.104936,-0.148891,0.50,Over,0.30,Over,0.118644,0.108636,0.127174,0.129292,0.150000,-0.136849
passyds_x_rb1rush,fav3+,3.0000,,2242,423,2010,2025,true,-0.154852,-0.104936,-0.148891,0.50,Over,0.30,Under,0.169492,0.159864,0.180858,0.170708,0.150000,0.085068
passyds_x_rb1rush,fav3+,3.0000,,2242,423,2010,2025,true,-0.154852,-0.104936,-0.148891,0.50,Under,0.30,Over,0.181534,0.172815,0.191435,0.170708,0.150000,0.137627
passyds_x_rb1rush,fav3+,3.0000,,2242,423,2010,2025,true,-0.154852,-0.104936,-0.148891,0.50,Under,0.30,Under,0.130687,0.119327,0.140100,0.129292,0.150000,-0.084289
passyds_x_rb1rush,fav3+,3.0000,,2242,423,2010,2025,true,-0.154852,-0.104936,-0.148891,0.50,Over,0.50,Over,0.224353,0.214931,0.234254,0.226215,0.250000,-0.102587
passyds_x_rb1rush,fav3+,3.0000,,2242,423,2010,2025,true,-0.154852,-0.104936,-0.148891,0.50,Over,0.50,Under,0.275647,0.265599,0.285039,0.273785,0.250000,0.102587
passyds_x_rb1rush,fav3+,3.0000,,2242,423,2010,2025,true,-0.154852,-0.104936,-0.148891,0.50,Under,0.50,Over,0.275647,0.265599,0.285039,0.273785,0.250000,0.102587
passyds_x_rb1rush,fav3+,3.0000,,2242,423,2010,2025,true,-0.154852,-0.104936,-0.148891,0.50,Under,0.50,Under,0.224353,0.215162,0.234598,0.226215,0.250000,-0.102587
passyds_x_rb1rush,fav3+,3.0000,,2242,423,2010,2025,true,-0.154852,-0.104936,-0.148891,0.50,Over,0.70,Over,0.330508,0.319142,0.340058,0.329292,0.350000,-0.085068
passyds_x_rb1rush,fav3+,3.0000,,2242,423,2010,2025,true,-0.154852,-0.104936,-0.148891,0.50,Over,0.70,Under,0.381356,0.372609,0.391354,0.370708,0.350000,0.136849
passyds_x_rb1rush,fav3+,3.0000,,2242,423,2010,2025,true,-0.154852,-0.104936,-0.148891,0.50,Under,0.70,Over,0.369313,0.359943,0.380673,0.370708,0.350000,0.084289
passyds_x_rb1rush,fav3+,3.0000,,2242,423,2010,2025,true,-0.154852,-0.104936,-0.148891,0.50,Under,0.70,Under,0.318466,0.308565,0.327263,0.329292,0.350000,-0.137627
passyds_x_rb1rush,fav3+,3.0000,,2242,423,2010,2025,true,-0.154852,-0.104936,-0.148891,0.70,Over,0.30,Over,0.190901,0.180214,0.200461,0.191592,0.210000,-0.090948
passyds_x_rb1rush,fav3+,3.0000,,2242,423,2010,2025,true,-0.154852,-0.104936,-0.148891,0.70,Over,0.30,Under,0.225691,0.216508,0.233826,0.227661,0.210000,0.074721
passyds_x_rb1rush,fav3+,3.0000,,2242,423,2010,2025,true,-0.154852,-0.104936,-0.148891,0.70,Under,0.30,Over,0.232828,0.224379,0.240829,0.227661,0.210000,0.108704
passyds_x_rb1rush,fav3+,3.0000,,2242,423,2010,2025,true,-0.154852,-0.104936,-0.148891,0.70,Under,0.30,Under,0.186441,0.177586,0.196198,0.191592,0.210000,-0.112187
passyds_x_rb1rush,fav3+,3.0000,,2242,423,2010,2025,true,-0.154852,-0.104936,-0.148891,0.70,Over,0.50,Over,0.331401,0.322180,0.341053,0.329292,0.350000,-0.081175
passyds_x_rb1rush,fav3+,3.0000,,2242,423,2010,2025,true,-0.154852,-0.104936,-0.148891,0.70,Over,0.50,Under,0.368421,0.358821,0.377738,0.370708,0.350000,0.080396
passyds_x_rb1rush,fav3+,3.0000,,2242,423,2010,2025,true,-0.154852,-0.104936,-0.148891,0.70,Under,0.50,Over,0.376450,0.366182,0.384482,0.370708,0.350000,0.115436
passyds_x_rb1rush,fav3+,3.0000,,2242,423,2010,2025,true,-0.154852,-0.104936,-0.148891,0.70,Under,0.50,Under,0.323372,0.315479,0.333638,0.329292,0.350000,-0.116214
passyds_x_rb1rush,fav3+,3.0000,,2242,423,2010,2025,true,-0.154852,-0.104936,-0.148891,0.70,Over,0.70,Over,0.474130,0.466303,0.483452,0.472339,0.490000,-0.075570
passyds_x_rb1rush,fav3+,3.0000,,2242,423,2010,2025,true,-0.154852,-0.104936,-0.148891,0.70,Over,0.70,Under,0.508921,0.499546,0.519878,0.508408,0.490000,0.090098
passyds_x_rb1rush,fav3+,3.0000,,2242,423,2010,2025,true,-0.154852,-0.104936,-0.148891,0.70,Under,0.70,Over,0.513381,0.503775,0.522386,0.508408,0.490000,0.111338
passyds_x_rb1rush,fav3+,3.0000,,2242,423,2010,2025,true,-0.154852,-0.104936,-0.148891,0.70,Under,0.70,Under,0.466994,0.459174,0.475535,0.472339,0.490000,-0.109554
passyds_x_rb1rush,within3,-3.0000,3.0000,1214,422,2010,2025,true,-0.158414,-0.105367,-0.168894,0.30,Over,0.30,Over,0.069193,0.057997,0.079423,0.070014,0.090000,-0.099082
passyds_x_rb1rush,within3,-3.0000,3.0000,1214,422,2010,2025,true,-0.158414,-0.105367,-0.168894,0.30,Over,0.30,Under,0.104613,0.093801,0.118223,0.110952,0.090000,0.069585
passyds_x_rb1rush,within3,-3.0000,3.0000,1214,422,2010,2025,true,-0.158414,-0.105367,-0.168894,0.30,Under,0.30,Over,0.110379,0.095078,0.122963,0.110952,0.090000,0.097042
passyds_x_rb1rush,within3,-3.0000,3.0000,1214,422,2010,2025,true,-0.158414,-0.105367,-0.168894,0.30,Under,0.30,Under,0.068369,0.057549,0.080294,0.070014,0.090000,-0.103005
passyds_x_rb1rush,within3,-3.0000,3.0000,1214,422,2010,2025,true,-0.158414,-0.105367,-0.168894,0.30,Over,0.50,Over,0.128501,0.115607,0.138266,0.126491,0.150000,-0.093830
passyds_x_rb1rush,within3,-3.0000,3.0000,1214,422,2010,2025,true,-0.158414,-0.105367,-0.168894,0.30,Over,0.50,Under,0.171334,0.161575,0.184460,0.173509,0.150000,0.093111
passyds_x_rb1rush,within3,-3.0000,3.0000,1214,422,2010,2025,true,-0.158414,-0.105367,-0.168894,0.30,Under,0.50,Over,0.177100,0.163028,0.189309,0.173509,0.150000,0.118276
passyds_x_rb1rush,within3,-3.0000,3.0000,1214,422,2010,2025,true,-0.158414,-0.105367,-0.168894,0.30,Under,0.50,Under,0.122735,0.110650,0.137217,0.126491,0.150000,-0.118995
passyds_x_rb1rush,within3,-3.0000,3.0000,1214,422,2010,2025,true,-0.158414,-0.105367,-0.168894,0.30,Over,0.70,Over,0.195222,0.181662,0.206132,0.189048,0.210000,-0.070369
passyds_x_rb1rush,within3,-3.0000,3.0000,1214,422,2010,2025,true,-0.158414,-0.105367,-0.168894,0.30,Over,0.70,Under,0.230643,0.220636,0.242212,0.229986,0.210000,0.098298
passyds_x_rb1rush,within3,-3.0000,3.0000,1214,422,2010,2025,true,-0.158414,-0.105367,-0.168894,0.30,Under,0.70,Over,0.231466,0.219856,0.242371,0.229986,0.210000,0.102220
passyds_x_rb1rush,within3,-3.0000,3.0000,1214,422,2010,2025,true,-0.158414,-0.105367,-0.168894,0.30,Under,0.70,Under,0.189456,0.177037,0.204689,0.189048,0.210000,-0.097827
passyds_x_rb1rush,within3,-3.0000,3.0000,1214,422,2010,2025,true,-0.158414,-0.105367,-0.168894,0.50,Over,0.30,Over,0.128501,0.116828,0.142977,0.126491,0.150000,-0.093830
passyds_x_rb1rush,within3,-3.0000,3.0000,1214,422,2010,2025,true,-0.158414,-0.105367,-0.168894,0.50,Over,0.30,Under,0.168040,0.157635,0.181981,0.173509,0.150000,0.078731
passyds_x_rb1rush,within3,-3.0000,3.0000,1214,422,2010,2025,true,-0.158414,-0.105367,-0.168894,0.50,Under,0.30,Over,0.171334,0.156936,0.182929,0.173509,0.150000,0.093111
passyds_x_rb1rush,within3,-3.0000,3.0000,1214,422,2010,2025,true,-0.158414,-0.105367,-0.168894,0.50,Under,0.30,Under,0.131796,0.118129,0.142403,0.126491,0.150000,-0.079450
passyds_x_rb1rush,within3,-3.0000,3.0000,1214,422,2010,2025,true,-0.158414,-0.105367,-0.168894,0.50,Over,0.50,Over,0.224876,0.211647,0.238894,0.222990,0.250000,-0.100494
passyds_x_rb1rush,within3,-3.0000,3.0000,1214,422,2010,2025,true,-0.158414,-0.105367,-0.168894,0.50,Over,0.50,Under,0.275124,0.260687,0.287935,0.277010,0.250000,0.100494
passyds_x_rb1rush,within3,-3.0000,3.0000,1214,422,2010,2025,true,-0.158414,-0.105367,-0.168894,0.50,Under,0.50,Over,0.275124,0.260687,0.287935,0.277010,0.250000,0.100494
passyds_x_rb1rush,within3,-3.0000,3.0000,1214,422,2010,2025,true,-0.158414,-0.105367,-0.168894,0.50,Under,0.50,Under,0.224876,0.212328,0.239732,0.222990,0.250000,-0.100494
passyds_x_rb1rush,within3,-3.0000,3.0000,1214,422,2010,2025,true,-0.158414,-0.105367,-0.168894,0.50,Over,0.70,Over,0.331960,0.317805,0.342365,0.326491,0.350000,-0.078731
passyds_x_rb1rush,within3,-3.0000,3.0000,1214,422,2010,2025,true,-0.158414,-0.105367,-0.168894,0.50,Over,0.70,Under,0.371499,0.356908,0.382933,0.373509,0.350000,0.093830
passyds_x_rb1rush,within3,-3.0000,3.0000,1214,422,2010,2025,true,-0.158414,-0.105367,-0.168894,0.50,Under,0.70,Over,0.368204,0.357720,0.382282,0.373509,0.350000,0.079450
passyds_x_rb1rush,within3,-3.0000,3.0000,1214,422,2010,2025,true,-0.158414,-0.105367,-0.168894,0.50,Under,0.70,Under,0.328666,0.317071,0.343403,0.326491,0.350000,-0.093111
passyds_x_rb1rush,within3,-3.0000,3.0000,1214,422,2010,2025,true,-0.158414,-0.105367,-0.168894,0.70,Over,0.30,Over,0.189456,0.177037,0.204689,0.189048,0.210000,-0.097827
passyds_x_rb1rush,within3,-3.0000,3.0000,1214,422,2010,2025,true,-0.158414,-0.105367,-0.168894,0.70,Over,0.30,Under,0.231466,0.219856,0.242371,0.229986,0.210000,0.102220
passyds_x_rb1rush,within3,-3.0000,3.0000,1214,422,2010,2025,true,-0.158414,-0.105367,-0.168894,0.70,Under,0.30,Over,0.230643,0.220636,0.242212,0.229986,0.210000,0.098298
passyds_x_rb1rush,within3,-3.0000,3.0000,1214,422,2010,2025,true,-0.158414,-0.105367,-0.168894,0.70,Under,0.30,Under,0.195222,0.181814,0.206132,0.189048,0.210000,-0.070369
passyds_x_rb1rush,within3,-3.0000,3.0000,1214,422,2010,2025,true,-0.158414,-0.105367,-0.168894,0.70,Over,0.50,Over,0.322900,0.310486,0.336579,0.326491,0.350000,-0.118276
passyds_x_rb1rush,within3,-3.0000,3.0000,1214,422,2010,2025,true,-0.158414,-0.105367,-0.168894,0.70,Over,0.50,Under,0.377265,0.363177,0.389547,0.373509,0.350000,0.118995
passyds_x_rb1rush,within3,-3.0000,3.0000,1214,422,2010,2025,true,-0.158414,-0.105367,-0.168894,0.70,Under,0.50,Over,0.371499,0.361576,0.384383,0.373509,0.350000,0.093830
passyds_x_rb1rush,within3,-3.0000,3.0000,1214,422,2010,2025,true,-0.158414,-0.105367,-0.168894,0.70,Under,0.50,Under,0.328666,0.315624,0.338430,0.326491,0.350000,-0.093111
passyds_x_rb1rush,within3,-3.0000,3.0000,1214,422,2010,2025,true,-0.158414,-0.105367,-0.168894,0.70,Over,0.70,Over,0.468699,0.457409,0.479911,0.470014,0.490000,-0.101436
passyds_x_rb1rush,within3,-3.0000,3.0000,1214,422,2010,2025,true,-0.158414,-0.105367,-0.168894,0.70,Over,0.70,Under,0.510708,0.495526,0.522963,0.510952,0.490000,0.098611
passyds_x_rb1rush,within3,-3.0000,3.0000,1214,422,2010,2025,true,-0.158414,-0.105367,-0.168894,0.70,Under,0.70,Over,0.504942,0.493846,0.518228,0.510952,0.490000,0.071154
passyds_x_rb1rush,within3,-3.0000,3.0000,1214,422,2010,2025,true,-0.158414,-0.105367,-0.168894,0.70,Under,0.70,Under,0.469522,0.457931,0.479094,0.470014,0.490000,-0.097513
spread_x_total,all,,,6967,861,1999,2025,true,0.016209,0.010926,0.022017,0.30,Over,0.30,Over,0.091862,0.087291,0.097125,0.092670,0.090000,0.008865
spread_x_total,all,,,6967,861,1999,2025,true,0.016209,0.010926,0.022017,0.30,Over,0.30,Under,0.080666,0.076227,0.086229,0.087346,0.090000,-0.044448
spread_x_total,all,,,6967,861,1999,2025,true,0.016209,0.010926,0.022017,0.30,Under,0.30,Over,0.093153,0.088635,0.098198,0.087346,0.090000,0.015016
spread_x_total,all,,,6967,861,1999,2025,true,0.016209,0.010926,0.022017,0.30,Under,0.30,Under,0.091862,0.086692,0.097642,0.092670,0.090000,0.008865
spread_x_total,all,,,6967,861,1999,2025,true,0.016209,0.010926,0.022017,0.30,Over,0.50,Over,0.155878,0.149627,0.159898,0.153054,0.150000,0.025652
spread_x_total,all,,,6967,861,1999,2025,true,0.016209,0.010926,0.022017,0.30,Over,0.50,Under,0.144108,0.140061,0.150324,0.146946,0.150000,-0.025715
spread_x_total,all,,,6967,861,1999,2025,true,0.016209,0.010926,0.022017,0.30,Under,0.50,Over,0.151859,0.145973,0.155913,0.146946,0.150000,0.008112
spread_x_total,all,,,6967,861,1999,2025,true,0.016209,0.010926,0.022017,0.30,Under,0.50,Under,0.148127,0.144149,0.153990,0.153054,0.150000,-0.008175
spread_x_total,all,,,6967,861,1999,2025,true,0.016209,0.010926,0.022017,0.30,Over,0.70,Over,0.219320,0.213812,0.223739,0.212654,0.210000,0.044379
spread_x_total,all,,,6967,861,1999,2025,true,0.016209,0.010926,0.022017,0.30,Over,0.70,Under,0.208124,0.202875,0.212638,0.207330,0.210000,-0.008933
spread_x_total,all,,,6967,861,1999,2025,true,0.016209,0.010926,0.022017,0.30,Under,0.70,Over,0.208124,0.202333,0.213336,0.207330,0.210000,-0.008933
spread_x_total,all,,,6967,861,1999,2025,true,0.016209,0.010926,0.022017,0.30,Under,0.70,Under,0.206832,0.201829,0.211381,0.212654,0.210000,-0.015085
spread_x_total,all,,,6967,861,1999,2025,true,0.016209,0.010926,0.022017,0.50,Over,0.30,Over,0.148701,0.144024,0.153449,0.153054,0.150000,-0.005669
spread_x_total,all,,,6967,861,1999,2025,true,0.016209,0.010926,0.022017,0.50,Over,0.30,Under,0.144108,0.139487,0.150409,0.146946,0.150000,-0.025715
spread_x_total,all,,,6967,861,1999,2025,true,0.016209,0.010926,0.022017,0.50,Under,0.30,Over,0.151285,0.146565,0.155958,0.146946,0.150000,0.005607
spread_x_total,all,,,6967,861,1999,2025,true,0.016209,0.010926,0.022017,0.50,Under,0.30,Under,0.155878,0.149535,0.160458,0.153054,0.150000,0.025652
spread_x_total,all,,,6967,861,1999,2025,true,0.016209,0.010926,0.022017,0.50,Over,0.50,Over,0.252332,0.247024,0.257654,0.253504,0.250000,0.009330
spread_x_total,all,,,6967,861,1999,2025,true,0.016209,0.010926,0.022017,0.50,Over,0.50,Under,0.247596,0.242274,0.252905,0.246496,0.250000,-0.009617
spread_x_total,all,,,6967,861,1999,2025,true,0.016209,0.010926,0.022017,0.50,Under,0.50,Over,0.247596,0.242274,0.252905,0.246496,0.250000,-0.009617
spread_x_total,all,,,6967,861,1999,2025,true,0.016209,0.010926,0.022017,0.50,Under,0.50,Under,0.252476,0.247167,0.257798,0.253504,0.250000,0.009904
spread_x_total,all,,,6967,861,1999,2025,true,0.016209,0.010926,0.022017,0.50,Over,0.70,Over,0.355820,0.349589,0.360513,0.353054,0.350000,0.025402
spread_x_total,all,,,6967,861,1999,2025,true,0.016209,0.010926,0.022017,0.50,Over,0.70,Under,0.351227,0.346479,0.355974,0.346946,0.350000,0.005356
spread_x_total,all,,,6967,861,1999,2025,true,0.016209,0.010926,0.022017,0.50,Under,0.70,Over,0.344194,0.339543,0.350467,0.346946,0.350000,-0.025339
spread_x_total,all,,,6967,861,1999,2025,true,0.016209,0.010926,0.022017,0.50,Under,0.70,Under,0.348787,0.344044,0.353506,0.353054,0.350000,-0.005293
spread_x_total,all,,,6967,861,1999,2025,true,0.016209,0.010926,0.022017,0.70,Over,0.30,Over,0.206832,0.201829,0.211381,0.212654,0.210000,-0.015085
spread_x_total,all,,,6967,861,1999,2025,true,0.016209,0.010926,0.022017,0.70,Over,0.30,Under,0.208124,0.202333,0.213336,0.207330,0.210000,-0.008933
spread_x_total,all,,,6967,861,1999,2025,true,0.016209,0.010926,0.022017,0.70,Under,0.30,Over,0.208124,0.202875,0.212638,0.207330,0.210000,-0.008933
spread_x_total,all,,,6967,861,1999,2025,true,0.016209,0.010926,0.022017,0.70,Under,0.30,Under,0.219320,0.213815,0.223739,0.212654,0.210000,0.044379
spread_x_total,all,,,6967,861,1999,2025,true,0.016209,0.010926,0.022017,0.70,Over,0.50,Over,0.348069,0.344054,0.353955,0.353054,0.350000,-0.008426
spread_x_total,all,,,6967,861,1999,2025,true,0.016209,0.010926,0.022017,0.70,Over,0.50,Under,0.351945,0.346059,0.355923,0.346946,0.350000,0.008488
spread_x_total,all,,,6967,861,1999,2025,true,0.016209,0.010926,0.022017,0.70,Under,0.50,Over,0.344051,0.340030,0.350324,0.346946,0.350000,-0.025966
spread_x_total,all,,,6967,861,1999,2025,true,0.016209,0.010926,0.022017,0.70,Under,0.50,Under,0.355964,0.349746,0.360011,0.353054,0.350000,0.026028
spread_x_total,all,,,6967,861,1999,2025,true,0.016209,0.010926,0.022017,0.70,Over,0.70,Over,0.491890,0.486593,0.497696,0.492670,0.490000,0.009002
spread_x_total,all,,,6967,861,1999,2025,true,0.016209,0.010926,0.022017,0.70,Over,0.70,Under,0.493182,0.488638,0.498144,0.487346,0.490000,0.015153
spread_x_total,all,,,6967,861,1999,2025,true,0.016209,0.010926,0.022017,0.70,Under,0.70,Over,0.480695,0.476317,0.486145,0.487346,0.490000,-0.044311
spread_x_total,all,,,6967,861,1999,2025,true,0.016209,0.010926,0.022017,0.70,Under,0.70,Under,0.491890,0.487364,0.497126,0.492670,0.490000,0.009002
spread_x_total,t1,,41.5000,2557,668,1999,2025,true,0.000416,0.001787,0.018079,0.30,Over,0.30,Over,0.088385,0.079923,0.096345,0.092191,0.090000,-0.007691
spread_x_total,t1,,41.5000,2557,668,1999,2025,true,0.000416,0.001787,0.018079,0.30,Over,0.30,Under,0.080563,0.072238,0.088454,0.087820,0.090000,-0.044937
spread_x_total,t1,,41.5000,2557,668,1999,2025,true,0.000416,0.001787,0.018079,0.30,Under,0.30,Over,0.104028,0.095462,0.112546,0.087820,0.090000,0.066801
spread_x_total,t1,,41.5000,2557,668,1999,2025,true,0.000416,0.001787,0.018079,0.30,Under,0.30,Under,0.086820,0.078558,0.095633,0.092191,0.090000,-0.015141
spread_x_total,t1,,41.5000,2557,668,1999,2025,true,0.000416,0.001787,0.018079,0.30,Over,0.50,Over,0.154869,0.145663,0.163156,0.152508,0.150000,0.021250
spread_x_total,t1,,41.5000,2557,668,1999,2025,true,0.000416,0.001787,0.018079,0.30,Over,0.50,Under,0.145092,0.136769,0.154372,0.147492,0.150000,-0.021421
spread_x_total,t1,,41.5000,2557,668,1999,2025,true,0.000416,0.001787,0.018079,0.30,Under,0.50,Over,0.163473,0.152468,0.172380,0.147492,0.150000,0.058800
spread_x_total,t1,,41.5000,2557,668,1999,2025,true,0.000416,0.001787,0.018079,0.30,Under,0.50,Under,0.136488,0.127777,0.147418,0.152508,0.150000,-0.058971
spread_x_total,t1,,41.5000,2557,668,1999,2025,true,0.000416,0.001787,0.018079,0.30,Over,0.70,Over,0.219398,0.211528,0.227844,0.212180,0.210000,0.044751
spread_x_total,t1,,41.5000,2557,668,1999,2025,true,0.000416,0.001787,0.018079,0.30,Over,0.70,Under,0.211576,0.203463,0.219886,0.207809,0.210000,0.007505
spread_x_total,t1,,41.5000,2557,668,1999,2025,true,0.000416,0.001787,0.018079,0.30,Under,0.70,Over,0.213140,0.204424,0.221390,0.207809,0.210000,0.014954
spread_x_total,t1,,41.5000,2557,668,1999,2025,true,0.000416,0.001787,0.018079,0.30,Under,0.70,Under,0.195933,0.187570,0.204646,0.212180,0.210000,-0.066987
spread_x_total,t1,,41.5000,2557,668,1999,2025,true,0.000416,0.001787,0.018079,0.50,Over,0.30,Over,0.142354,0.133941,0.151840,0.152508,0.150000,-0.033368
spread_x_total,t1,,41.5000,2557,668,1999,2025,true,0.000416,0.001787,0.018079,0.50,Over,0.30,Under,0.143528,0.133552,0.152051,0.147492,0.150000,-0.028248
spread_x_total,t1,,41.5000,2557,668,1999,2025,true,0.000416,0.001787,0.018079,0.50,Under,0.30,Over,0.157607,0.148218,0.166094,0.147492,0.150000,0.033198
spread_x_total,t1,,41.5000,2557,668,1999,2025,true,0.000416,0.001787,0.018079,0.50,Under,0.30,Under,0.156433,0.148061,0.166301,0.152508,0.150000,0.028077
spread_x_total,t1,,41.5000,2557,668,1999,2025,true,0.000416,0.001787,0.018079,0.50,Over,0.50,Over,0.245991,0.238068,0.257173,0.252877,0.250000,-0.016034
spread_x_total,t1,,41.5000,2557,668,1999,2025,true,0.000416,0.001787,0.018079,0.50,Over,0.50,Under,0.253813,0.242809,0.261876,0.247123,0.250000,0.015252
spread_x_total,t1,,41.5000,2557,668,1999,2025,true,0.000416,0.001787,0.018079,0.50,Under,0.50,Over,0.253813,0.242809,0.261876,0.247123,0.250000,0.015252
spread_x_total,t1,,41.5000,2557,668,1999,2025,true,0.000416,0.001787,0.018079,0.50,Under,0.50,Under,0.246382,0.238129,0.257388,0.252877,0.250000,-0.014470
spread_x_total,t1,,41.5000,2557,668,1999,2025,true,0.000416,0.001787,0.018079,0.50,Over,0.70,Over,0.356277,0.347756,0.366443,0.352508,0.350000,0.027395
spread_x_total,t1,,41.5000,2557,668,1999,2025,true,0.000416,0.001787,0.018079,0.50,Over,0.70,Under,0.357450,0.347996,0.365867,0.347492,0.350000,0.032515
spread_x_total,t1,,41.5000,2557,668,1999,2025,true,0.000416,0.001787,0.018079,0.50,Under,0.70,Over,0.343762,0.333704,0.352132,0.347492,0.350000,-0.027224
spread_x_total,t1,,41.5000,2557,668,1999,2025,true,0.000416,0.001787,0.018079,0.50,Under,0.70,Under,0.342589,0.334096,0.351918,0.352508,0.350000,-0.032344
spread_x_total,t1,,41.5000,2557,668,1999,2025,true,0.000416,0.001787,0.018079,0.70,Over,0.30,Over,0.195933,0.187570,0.204646,0.212180,0.210000,-0.066987
spread_x_total,t1,,41.5000,2557,668,1999,2025,true,0.000416,0.001787,0.018079,0.70,Over,0.30,Under,0.213140,0.204424,0.221390,0.207809,0.210000,0.014954
spread_x_total,t1,,41.5000,2557,668,1999,2025,true,0.000416,0.001787,0.018079,0.70,Under,0.30,Over,0.211576,0.203463,0.219886,0.207809,0.210000,0.007505
spread_x_total,t1,,41.5000,2557,668,1999,2025,true,0.000416,0.001787,0.018079,0.70,Under,0.30,Under,0.219398,0.211738,0.227844,0.212180,0.210000,0.044751
spread_x_total,t1,,41.5000,2557,668,1999,2025,true,0.000416,0.001787,0.018079,0.70,Over,0.50,Over,0.336332,0.327620,0.347339,0.352508,0.350000,-0.059654
spread_x_total,t1,,41.5000,2557,668,1999,2025,true,0.000416,0.001787,0.018079,0.70,Over,0.50,Under,0.363707,0.352778,0.372228,0.347492,0.350000,0.059824
spread_x_total,t1,,41.5000,2557,668,1999,2025,true,0.000416,0.001787,0.018079,0.70,Under,0.50,Over,0.344935,0.336839,0.354148,0.347492,0.350000,-0.022103
spread_x_total,t1,,41.5000,2557,668,1999,2025,true,0.000416,0.001787,0.018079,0.70,Under,0.50,Under,0.355104,0.345814,0.363236,0.352508,0.350000,0.022274
spread_x_total,t1,,41.5000,2557,668,1999,2025,true,0.000416,0.001787,0.018079,0.70,Over,0.70,Over,0.486899,0.478460,0.495463,0.492191,0.490000,-0.014768
spread_x_total,t1,,41.5000,2557,668,1999,2025,true,0.000416,0.001787,0.018079,0.70,Over,0.70,Under,0.504106,0.495307,0.512314,0.487820,0.490000,0.067173
spread_x_total,t1,,41.5000,2557,668,1999,2025,true,0.000416,0.001787,0.018079,0.70,Under,0.70,Over,0.480641,0.472022,0.488312,0.487820,0.490000,-0.044565
spread_x_total,t1,,41.5000,2557,668,1999,2025,true,0.000416,0.001787,0.018079,0.70,Under,0.70,Under,0.488463,0.480297,0.496641,0.492191,0.490000,-0.007319
spread_x_total,t2,41.5000,45.5000,2210,763,1999,2025,true,0.053946,0.035576,0.042736,0.30,Over,0.30,Over,0.100000,0.090866,0.108037,0.095198,0.090000,0.047619
spread_x_total,t2,41.5000,45.5000,2210,763,1999,2025,true,0.053946,0.035576,0.042736,0.30,Over,0.30,Under,0.073756,0.065966,0.082294,0.084863,0.090000,-0.077354
spread_x_total,t2,41.5000,45.5000,2210,763,1999,2025,true,0.053946,0.035576,0.042736,0.30,Under,0.30,Over,0.085068,0.076564,0.093057,0.084863,0.090000,-0.023486
spread_x_total,t2,41.5000,45.5000,2210,763,1999,2025,true,0.053946,0.035576,0.042736,0.30,Under,0.30,Under,0.095475,0.087567,0.106271,0.095198,0.090000,0.026072
spread_x_total,t2,41.5000,45.5000,2210,763,1999,2025,true,0.053946,0.035576,0.042736,0.30,Over,0.50,Over,0.163348,0.152398,0.170551,0.155929,0.150000,0.058257
spread_x_total,t2,41.5000,45.5000,2210,763,1999,2025,true,0.053946,0.035576,0.042736,0.30,Over,0.50,Under,0.136652,0.129243,0.147449,0.144071,0.150000,-0.058257
spread_x_total,t2,41.5000,45.5000,2210,763,1999,2025,true,0.053946,0.035576,0.042736,0.30,Under,0.50,Over,0.140724,0.130786,0.148640,0.144071,0.150000,-0.040484
spread_x_total,t2,41.5000,45.5000,2210,763,1999,2025,true,0.053946,0.035576,0.042736,0.30,Under,0.50,Under,0.159276,0.151358,0.169296,0.155929,0.150000,0.040484
spread_x_total,t2,41.5000,45.5000,2210,763,1999,2025,true,0.053946,0.035576,0.042736,0.30,Over,0.70,Over,0.226244,0.217794,0.234204,0.215137,0.210000,0.077354
spread_x_total,t2,41.5000,45.5000,2210,763,1999,2025,true,0.053946,0.035576,0.042736,0.30,Over,0.70,Under,0.200000,0.192005,0.208954,0.204802,0.210000,-0.047619
spread_x_total,t2,41.5000,45.5000,2210,763,1999,2025,true,0.053946,0.035576,0.042736,0.30,Under,0.70,Over,0.204525,0.193710,0.212658,0.204802,0.210000,-0.026072
spread_x_total,t2,41.5000,45.5000,2210,763,1999,2025,true,0.053946,0.035576,0.042736,0.30,Under,0.70,Under,0.214932,0.206983,0.223343,0.215137,0.210000,0.023486
spread_x_total,t2,41.5000,45.5000,2210,763,1999,2025,true,0.053946,0.035576,0.042736,0.50,Over,0.30,Over,0.157919,0.147717,0.167215,0.155929,0.150000,0.034559
spread_x_total,t2,41.5000,45.5000,2210,763,1999,2025,true,0.053946,0.035576,0.042736,0.50,Over,0.30,Under,0.138914,0.129858,0.148050,0.144071,0.150000,-0.048383
spread_x_total,t2,41.5000,45.5000,2210,763,1999,2025,true,0.053946,0.035576,0.042736,0.50,Under,0.30,Over,0.142081,0.132829,0.152195,0.144071,0.150000,-0.034559
spread_x_total,t2,41.5000,45.5000,2210,763,1999,2025,true,0.053946,0.035576,0.042736,0.50,Under,0.30,Under,0.161086,0.152168,0.170231,0.155929,0.150000,0.048383
spread_x_total,t2,41.5000,45.5000,2210,763,1999,2025,true,0.053946,0.035576,0.042736,0.50,Over,0.50,Over,0.264253,0.253711,0.272981,0.256804,0.250000,0.057014
spread_x_total,t2,41.5000,45.5000,2210,763,1999,2025,true,0.053946,0.035576,0.042736,0.50,Over,0.50,Under,0.235747,0.226962,0.246088,0.243196,0.250000,-0.057014
spread_x_total,t2,41.5000,45.5000,2210,763,1999,2025,true,0.053946,0.035576,0.042736,0.50,Under,0.50,Over,0.235747,0.226962,0.246088,0.243196,0.250000,-0.057014
spread_x_total,t2,41.5000,45.5000,2210,763,1999,2025,true,0.053946,0.035576,0.042736,0.50,Under,0.50,Under,0.264253,0.254134,0.273263,0.256804,0.250000,0.057014
spread_x_total,t2,41.5000,45.5000,2210,763,1999,2025,true,0.053946,0.035576,0.042736,0.50,Over,0.70,Over,0.361086,0.351785,0.370136,0.355929,0.350000,0.048383
spread_x_total,t2,41.5000,45.5000,2210,763,1999,2025,true,0.053946,0.035576,0.042736,0.50,Over,0.70,Under,0.342081,0.332559,0.352067,0.344071,0.350000,-0.034559
spread_x_total,t2,41.5000,45.5000,2210,763,1999,2025,true,0.053946,0.035576,0.042736,0.50,Under,0.70,Over,0.338914,0.329775,0.348050,0.344071,0.350000,-0.048383
spread_x_total,t2,41.5000,45.5000,2210,763,1999,2025,true,0.053946,0.035576,0.042736,0.50,Under,0.70,Under,0.357919,0.347979,0.367395,0.355929,0.350000,0.034559
spread_x_total,t2,41.5000,45.5000,2210,763,1999,2025,true,0.053946,0.035576,0.042736,0.70,Over,0.30,Over,0.214932,0.206983,0.223343,0.215137,0.210000,0.023486
spread_x_total,t2,41.5000,45.5000,2210,763,1999,2025,true,0.053946,0.035576,0.042736,0.70,Over,0.30,Under,0.204525,0.193710,0.212658,0.204802,0.210000,-0.026072
spread_x_total,t2,41.5000,45.5000,2210,763,1999,2025,true,0.053946,0.035576,0.042736,0.70,Under,0.30,Over,0.200000,0.192005,0.208954,0.204802,0.210000,-0.047619
spread_x_total,t2,41.5000,45.5000,2210,763,1999,2025,true,0.053946,0.035576,0.042736,0.70,Under,0.30,Under,0.226244,0.217795,0.234204,0.215137,0.210000,0.077354
spread_x_total,t2,41.5000,45.5000,2210,763,1999,2025,true,0.053946,0.035576,0.042736,0.70,Over,0.50,Over,0.359276,0.351197,0.369208,0.355929,0.350000,0.040484
spread_x_total,t2,41.5000,45.5000,2210,763,1999,2025,true,0.053946,0.035576,0.042736,0.70,Over,0.50,Under,0.340724,0.330757,0.348642,0.344071,0.350000,-0.040484
spread_x_total,t2,41.5000,45.5000,2210,763,1999,2025,true,0.053946,0.035576,0.042736,0.70,Under,0.50,Over,0.336652,0.329236,0.347401,0.344071,0.350000,-0.058257
spread_x_total,t2,41.5000,45.5000,2210,763,1999,2025,true,0.053946,0.035576,0.042736,0.70,Under,0.50,Under,0.363348,0.352777,0.370983,0.355929,0.350000,0.058257
spread_x_total,t2,41.5000,45.5000,2210,763,1999,2025,true,0.053946,0.035576,0.042736,0.70,Over,0.70,Over,0.495475,0.487122,0.506384,0.495198,0.490000,0.026072
spread_x_total,t2,41.5000,45.5000,2210,763,1999,2025,true,0.053946,0.035576,0.042736,0.70,Over,0.70,Under,0.485068,0.476654,0.492976,0.484863,0.490000,-0.023486
spread_x_total,t2,41.5000,45.5000,2210,763,1999,2025,true,0.053946,0.035576,0.042736,0.70,Under,0.70,Over,0.473756,0.465861,0.482201,0.484863,0.490000,-0.077354
spread_x_total,t2,41.5000,45.5000,2210,763,1999,2025,true,0.053946,0.035576,0.042736,0.70,Under,0.70,Under,0.500000,0.491109,0.507953,0.495198,0.490000,0.047619
spread_x_total,t3,45.5000,,2200,644,1999,2025,true,-0.003845,-0.002932,0.007026,0.30,Over,0.30,Over,0.087727,0.079077,0.096975,0.090850,0.090000,-0.010823
spread_x_total,t3,45.5000,,2200,644,1999,2025,true,-0.003845,-0.002932,0.007026,0.30,Over,0.30,Under,0.088182,0.080297,0.098692,0.089151,0.090000,-0.008658
spread_x_total,t3,45.5000,,2200,644,1999,2025,true,-0.003845,-0.002932,0.007026,0.30,Under,0.30,Over,0.091364,0.082400,0.100225,0.089151,0.090000,0.006494
spread_x_total,t3,45.5000,,2200,644,1999,2025,true,-0.003845,-0.002932,0.007026,0.30,Under,0.30,Under,0.095455,0.083749,0.102105,0.090850,0.090000,0.025974
spread_x_total,t3,45.5000,,2200,644,1999,2025,true,-0.003845,-0.002932,0.007026,0.30,Over,0.50,Over,0.147727,0.138035,0.156916,0.150975,0.150000,-0.009919
spread_x_total,t3,45.5000,,2200,644,1999,2025,true,-0.003845,-0.002932,0.007026,0.30,Over,0.50,Under,0.152273,0.143043,0.161891,0.149025,0.150000,0.009919
spread_x_total,t3,45.5000,,2200,644,1999,2025,true,-0.003845,-0.002932,0.007026,0.30,Under,0.50,Over,0.150000,0.139721,0.160021,0.149025,0.150000,0.000000
spread_x_total,t3,45.5000,,2200,644,1999,2025,true,-0.003845,-0.002932,0.007026,0.30,Under,0.50,Under,0.150000,0.139851,0.160299,0.150975,0.150000,0.000000
spread_x_total,t3,45.5000,,2200,644,1999,2025,true,-0.003845,-0.002932,0.007026,0.30,Over,0.70,Over,0.211818,0.201201,0.219834,0.210849,0.210000,0.008658
spread_x_total,t3,45.5000,,2200,644,1999,2025,true,-0.003845,-0.002932,0.007026,0.30,Over,0.70,Under,0.212273,0.202911,0.220740,0.209150,0.210000,0.010823
spread_x_total,t3,45.5000,,2200,644,1999,2025,true,-0.003845,-0.002932,0.007026,0.30,Under,0.70,Over,0.204545,0.197940,0.216270,0.209150,0.210000,-0.025974
spread_x_total,t3,45.5000,,2200,644,1999,2025,true,-0.003845,-0.002932,0.007026,0.30,Under,0.70,Under,0.208636,0.199998,0.217768,0.210849,0.210000,-0.006494
spread_x_total,t3,45.5000,,2200,644,1999,2025,true,-0.003845,-0.002932,0.007026,0.50,Over,0.30,Over,0.147727,0.137849,0.156742,0.150975,0.150000,-0.009919
spread_x_total,t3,45.5000,,2200,644,1999,2025,true,-0.003845,-0.002932,0.007026,0.50,Over,0.30,Under,0.152727,0.142100,0.162266,0.149025,0.150000,0.011903
spread_x_total,t3,45.5000,,2200,644,1999,2025,true,-0.003845,-0.002932,0.007026,0.50,Under,0.30,Over,0.152273,0.143303,0.161970,0.149025,0.150000,0.009919
spread_x_total,t3,45.5000,,2200,644,1999,2025,true,-0.003845,-0.002932,0.007026,0.50,Under,0.30,Under,0.147273,0.137694,0.157917,0.150975,0.150000,-0.011903
spread_x_total,t3,45.5000,,2200,644,1999,2025,true,-0.003845,-0.002932,0.007026,0.50,Over,0.50,Over,0.247273,0.235719,0.256756,0.251118,0.250000,-0.010909
spread_x_total,t3,45.5000,,2200,644,1999,2025,true,-0.003845,-0.002932,0.007026,0.50,Over,0.50,Under,0.252727,0.243096,0.264281,0.248882,0.250000,0.010909
spread_x_total,t3,45.5000,,2200,644,1999,2025,true,-0.003845,-0.002932,0.007026,0.50,Under,0.50,Over,0.252727,0.243096,0.264281,0.248882,0.250000,0.010909
spread_x_total,t3,45.5000,,2200,644,1999,2025,true,-0.003845,-0.002932,0.007026,0.50,Under,0.50,Under,0.247273,0.235887,0.257131,0.251118,0.250000,-0.010909
spread_x_total,t3,45.5000,,2200,644,1999,2025,true,-0.003845,-0.002932,0.007026,0.50,Over,0.70,Over,0.347273,0.337530,0.357900,0.350975,0.350000,-0.011903
spread_x_total,t3,45.5000,,2200,644,1999,2025,true,-0.003845,-0.002932,0.007026,0.50,Over,0.70,Under,0.352273,0.343100,0.362048,0.349025,0.350000,0.009919
spread_x_total,t3,45.5000,,2200,644,1999,2025,true,-0.003845,-0.002932,0.007026,0.50,Under,0.70,Over,0.352727,0.342083,0.362311,0.349025,0.350000,0.011903
spread_x_total,t3,45.5000,,2200,644,1999,2025,true,-0.003845,-0.002932,0.007026,0.50,Under,0.70,Under,0.347727,0.338092,0.356910,0.350975,0.350000,-0.009919
spread_x_total,t3,45.5000,,2200,644,1999,2025,true,-0.003845,-0.002932,0.007026,0.70,Over,0.30,Over,0.208636,0.199722,0.217696,0.210849,0.210000,-0.006494
spread_x_total,t3,45.5000,,2200,644,1999,2025,true,-0.003845,-0.002932,0.007026,0.70,Over,0.30,Under,0.204545,0.197940,0.216270,0.209150,0.210000,-0.025974
spread_x_total,t3,45.5000,,2200,644,1999,2025,true,-0.003845,-0.002932,0.007026,0.70,Under,0.30,Over,0.212273,0.202911,0.220740,0.209150,0.210000,0.010823
spread_x_total,t3,45.5000,,2200,644,1999,2025,true,-0.003845,-0.002932,0.007026,0.70,Under,0.30,Under,0.211818,0.201201,0.219834,0.210849,0.210000,0.008658
spread_x_total,t3,45.5000,,2200,644,1999,2025,true,-0.003845,-0.002932,0.007026,0.70,Over,0.50,Over,0.350000,0.339974,0.360125,0.350975,0.350000,0.000000
spread_x_total,t3,45.5000,,2200,644,1999,2025,true,-0.003845,-0.002932,0.007026,0.70,Over,0.50,Under,0.350000,0.339897,0.360154,0.349025,0.350000,0.000000
spread_x_total,t3,45.5000,,2200,644,1999,2025,true,-0.003845,-0.002932,0.007026,0.70,Under,0.50,Over,0.352273,0.342859,0.361965,0.349025,0.350000,0.009919
spread_x_total,t3,45.5000,,2200,644,1999,2025,true,-0.003845,-0.002932,0.007026,0.70,Under,0.50,Under,0.347727,0.338109,0.357181,0.350975,0.350000,-0.009919
spread_x_total,t3,45.5000,,2200,644,1999,2025,true,-0.003845,-0.002932,0.007026,0.70,Over,0.70,Over,0.495455,0.483595,0.501971,0.490850,0.490000,0.025974
spread_x_total,t3,45.5000,,2200,644,1999,2025,true,-0.003845,-0.002932,0.007026,0.70,Over,0.70,Under,0.491364,0.482194,0.500225,0.489151,0.490000,0.006494
spread_x_total,t3,45.5000,,2200,644,1999,2025,true,-0.003845,-0.002932,0.007026,0.70,Under,0.70,Over,0.488182,0.480054,0.498624,0.489151,0.490000,-0.008658
spread_x_total,t3,45.5000,,2200,644,1999,2025,true,-0.003845,-0.002932,0.007026,0.70,Under,0.70,Under,0.487727,0.479379,0.496996,0.490850,0.490000,-0.010823
